docker build -t transformer:latest .
#1 [internal] load build definition from Dockerfile
#1 sha256:b0e90efadb75ebd4219470dc1428131e49607d1a21710793a482afb1be74d922
#1 transferring dockerfile: 1.45kB done
#1 DONE 0.0s

#2 [internal] load .dockerignore
#2 sha256:8149f57f4c98017d3bc495f47e60880f3f6446bbd6373590584ac6acf256b954
#2 transferring context: 478B done
#2 DONE 0.0s

#4 [internal] load metadata for docker.io/library/golang:1.25.1-bookworm
#4 sha256:881c8408e43acdfe303af9c6916a5da7d05d347dfa1e524746e738a051a6f83c
#4 ...

#3 [internal] load metadata for docker.io/library/ubuntu:24.04
#3 sha256:c67b68fe12f690b152b49cfd4c7232ec0c91a65bdc30d97897daf428361b8eb6
#3 DONE 4.6s

#7 [builder 1/7] FROM docker.io/library/golang:1.25.1-bookworm@sha256:c423747fbd96fd8f0b1102d947f51f9b266060217478e5f9bf86f145969562ee
#7 sha256:ea2fe813e103e34df74ff9d9b19536da400923303f06331fada2e9d7bb75fd61
#7 DONE 0.0s

#5 [stage-1 1/8] FROM docker.io/library/ubuntu:24.04@sha256:c35e29c9450151419d9448b0fd75374fec4fff364a27f176fb458d472dfc9e54
#5 sha256:d59f7f671d6c6cfe730a2252b95d0745111b487e9208b78b23fe1a0e784a0305
#5 DONE 0.0s

#4 [internal] load metadata for docker.io/library/golang:1.25.1-bookworm
#4 sha256:881c8408e43acdfe303af9c6916a5da7d05d347dfa1e524746e738a051a6f83c
#4 DONE 4.8s

#10 [internal] load build context
#10 sha256:7500e378d1fc086f9e20ca0b57ff3a8d74b13fd7921915a21b17d833366f3ed1
#10 transferring context: 337.53kB 0.0s done
#10 DONE 0.0s

#11 [builder 4/7] COPY go.mod go.sum ./
#11 sha256:46557f45d569a6124fceefb5edd738ca4873fa42fce155329c4a9d2d15f8c459
#11 CACHED

#12 [builder 5/7] RUN go mod download
#12 sha256:b77a5769b1deb5b43635e82cd56e0eabb5ddebd832e8c90d3be85b51da369ea4
#12 CACHED

#8 [builder 2/7] WORKDIR /build
#8 sha256:aa500ca65967b228feb28e521530478c4b7c13c7b36f4c1c6fc0f4047d745985
#8 CACHED

#9 [builder 3/7] RUN apt-get update && apt-get install -y --no-install-recommends     git     make     && rm -rf /var/lib/apt/lists/*
#9 sha256:3ef93c38da476fda968e714c084a9689c2ef45372e37ea64d724cbb1b8c97a99
#9 CACHED

#13 [builder 6/7] COPY . .
#13 sha256:7f5c0a94f13647f6543cc53b9eb579676869eda97b37c311785340c1eb0c7246
#13 DONE 0.9s

#14 [builder 7/7] RUN make build
#14 sha256:c0d0947805a4bb46b5fb8f99f6e703cff44acd438bccae31158a3abcbfee3e6f
#14 0.186 go build -o bin/transformer ./cmd/transformer
#14 DONE 6.3s

#6 [stage-1 2/8] WORKDIR /app
#6 sha256:1eacd898a611db2406245942a591fa4f753dc767185df18296f0233af2f12abe
#6 CACHED

#15 [stage-1 3/8] COPY --from=builder /build/bin/transformer /usr/local/bin/transformer
#15 sha256:dfe42547b11fe36d1daaa712c76709c915a22c2df4f91fd5634782c9780684c4
#15 CACHED

#16 [stage-1 4/8] COPY install.d /tmp/install.d
#16 sha256:f6fa09950de137f4489618d77b4edf05f1a9906e9b7cb76e3f171ee5270cf9d2
#16 DONE 0.0s

#17 [stage-1 5/8] RUN chmod +x /tmp/install.d/*.sh &&     for script in /tmp/install.d/*.sh; do         echo "===== Running $(basename "$script") =====";         bash "$script" || { echo "FAILED: $(basename "$script")"; exit 1; };         echo "===== SUCCESS: $(basename "$script") =====";     done &&     rm -rf /tmp/install.d
#17 sha256:3562244adc5f005cf9f78ff4220c56386dcff03c35d3aa334ed93ea4461e57b9
#17 0.170 ===== Running 00-base.sh =====
#17 0.172 Installing base dependencies...
#17 0.423 Get:1 http://ports.ubuntu.com/ubuntu-ports noble InRelease [256 kB]
#17 1.031 Get:2 http://ports.ubuntu.com/ubuntu-ports noble-updates InRelease [126 kB]
#17 1.179 Get:3 http://ports.ubuntu.com/ubuntu-ports noble-backports InRelease [126 kB]
#17 1.391 Get:4 http://ports.ubuntu.com/ubuntu-ports noble-security InRelease [126 kB]
#17 1.659 Get:5 http://ports.ubuntu.com/ubuntu-ports noble/main arm64 Packages [1776 kB]
#17 2.025 Get:6 http://ports.ubuntu.com/ubuntu-ports noble/universe arm64 Packages [19.0 MB]
#17 4.489 Get:7 http://ports.ubuntu.com/ubuntu-ports noble/multiverse arm64 Packages [274 kB]
#17 4.497 Get:8 http://ports.ubuntu.com/ubuntu-ports noble/restricted arm64 Packages [113 kB]
#17 4.509 Get:9 http://ports.ubuntu.com/ubuntu-ports noble-updates/universe arm64 Packages [1894 kB]
#17 4.670 Get:10 http://ports.ubuntu.com/ubuntu-ports noble-updates/main arm64 Packages [2223 kB]
#17 4.851 Get:11 http://ports.ubuntu.com/ubuntu-ports noble-updates/multiverse arm64 Packages [38.0 kB]
#17 4.856 Get:12 http://ports.ubuntu.com/ubuntu-ports noble-updates/restricted arm64 Packages [4196 kB]
#17 5.096 Get:13 http://ports.ubuntu.com/ubuntu-ports noble-backports/universe arm64 Packages [34.7 kB]
#17 5.097 Get:14 http://ports.ubuntu.com/ubuntu-ports noble-backports/main arm64 Packages [49.4 kB]
#17 5.097 Get:15 http://ports.ubuntu.com/ubuntu-ports noble-security/universe arm64 Packages [1180 kB]
#17 5.572 Get:16 http://ports.ubuntu.com/ubuntu-ports noble-security/main arm64 Packages [1867 kB]
#17 5.675 Get:17 http://ports.ubuntu.com/ubuntu-ports noble-security/multiverse arm64 Packages [36.4 kB]
#17 5.679 Get:18 http://ports.ubuntu.com/ubuntu-ports noble-security/restricted arm64 Packages [4031 kB]
#17 6.055 Fetched 37.4 MB in 6s (6388 kB/s)
#17 6.055 Reading package lists...
#17 6.664 Reading package lists...
#17 7.227 Building dependency tree...
#17 7.357 Reading state information...
#17 7.501 bash is already the newest version (5.2.21-2ubuntu4).
#17 7.501 tar is already the newest version (1.35+dfsg-3build1).
#17 7.501 The following additional packages will be installed:
#17 7.501   adduser dirmngr eslint git-man gnupg-utils gpg-agent gpgconf gpgsm gyp
#17 7.501   handlebars keyboxd libbrotli1 libcares2 libcurl3t64-gnutls libcurl4t64
#17 7.501   liberror-perl libexpat1 libgdbm-compat4t64 libgdbm6t64 libgssapi-krb5-2
#17 7.501   libicu74 libjq1 libjs-async libjs-events libjs-inherits libjs-is-typedarray
#17 7.501   libjs-prettify libjs-regenerate libjs-source-map libjs-sprintf-js
#17 7.501   libjs-typedarray-to-buffer libjs-util libk5crypto3 libkeyutils1 libkrb5-3
#17 7.501   libkrb5support0 libksba8 libldap2 libnghttp2-14 libnode-dev libnode109
#17 7.501   libonig5 libperl5.38t64 libpsl5t64 libpython3-stdlib libpython3.12-minimal
#17 7.501   libpython3.12-stdlib libreadline8t64 librtmp1 libsasl2-2 libsasl2-modules-db
#17 7.501   libsqlite3-0 libssh-4 libssl-dev libuv1-dev libuv1t64 media-types netbase
#17 7.501   node-abbrev node-acorn node-agent-base node-ajv node-ajv-keywords
#17 7.501   node-ampproject-remapping node-ansi-escapes node-ansi-regex node-ansi-styles
#17 7.501   node-anymatch node-aproba node-archy node-are-we-there-yet node-argparse
#17 7.501   node-arrify node-assert node-async node-async-each
#17 7.501   node-babel-helper-define-polyfill-provider
#17 7.501   node-babel-plugin-add-module-exports node-babel-plugin-lodash
#17 7.501   node-babel-plugin-polyfill-corejs2 node-babel-plugin-polyfill-corejs3
#17 7.501   node-babel-plugin-polyfill-regenerator node-babel7 node-babel7-runtime
#17 7.501   node-balanced-match node-base64-js node-binary-extensions
#17 7.501   node-brace-expansion node-braces node-browserslist node-builtins node-busboy
#17 7.501   node-cacache node-camelcase node-caniuse-lite node-chalk node-chokidar
#17 7.502   node-chownr node-chrome-trace-event node-ci-info node-cjs-module-lexer
#17 7.502   node-cli-table node-cliui node-clone node-clone-deep node-color-convert
#17 7.502   node-color-name node-colors node-columnify node-commander node-commondir
#17 7.502   node-concat-stream node-console-control-strings node-convert-source-map
#17 7.502   node-copy-concurrently node-core-js node-core-js-compat node-core-js-pure
#17 7.502   node-core-util-is node-css-loader node-css-selector-tokenizer
#17 7.502   node-data-uri-to-buffer node-debbundle-es-to-primitive node-debug
#17 7.502   node-decamelize node-decompress-response node-deep-equal node-deep-is
#17 7.502   node-defaults node-define-properties node-define-property node-defined
#17 7.502   node-del node-delegates node-depd node-diff node-doctrine
#17 7.502   node-electron-to-chromium node-encoding node-end-of-stream
#17 7.502   node-enhanced-resolve node-err-code node-errno node-error-ex
#17 7.502   node-es-abstract node-es-module-lexer node-es6-error
#17 7.502   node-escape-string-regexp node-escodegen node-eslint-scope node-eslint-utils
#17 7.502   node-eslint-visitor-keys node-espree node-esprima node-esquery
#17 7.502   node-esrecurse node-estraverse node-esutils node-events node-fancy-log
#17 7.502   node-fast-deep-equal node-fast-levenshtein node-fetch node-file-entry-cache
#17 7.502   node-fill-range node-find-cache-dir node-find-up node-flat-cache
#17 7.502   node-flatted node-for-in node-for-own node-foreground-child
#17 7.502   node-fs-readdir-recursive node-fs-write-stream-atomic node-fs.realpath
#17 7.502   node-function-bind node-functional-red-black-tree node-gauge
#17 7.502   node-get-caller-file node-get-stream node-glob node-glob-parent node-globals
#17 7.502   node-globby node-got node-graceful-fs node-gyp node-has-flag
#17 7.502   node-has-unicode node-hosted-git-info node-http-proxy-agent
#17 7.502   node-https-proxy-agent node-iconv-lite node-icss-utils node-ieee754
#17 7.502   node-iferr node-ignore node-imurmurhash node-indent-string node-inflight
#17 7.502   node-inherits node-ini node-interpret node-ip node-ip-regex node-is-arrayish
#17 7.502   node-is-binary-path node-is-buffer node-is-descriptor node-is-extendable
#17 7.502   node-is-extglob node-is-glob node-is-number node-is-path-cwd
#17 7.502   node-is-path-inside node-is-plain-obj node-is-plain-object node-is-stream
#17 7.502   node-is-typedarray node-is-windows node-isarray node-isexe node-isobject
#17 7.502   node-istanbul node-jest-debbundle node-jest-worker node-js-tokens
#17 7.502   node-js-yaml node-jsesc node-json-buffer node-json-parse-better-errors
#17 7.502   node-json-schema node-json-schema-traverse node-json-stable-stringify
#17 7.502   node-json5 node-jsonify node-jsonparse node-kind-of node-levn
#17 7.502   node-loader-runner node-locate-path node-lodash node-lodash-packages
#17 7.502   node-lowercase-keys node-lru-cache node-make-dir node-memfs node-memory-fs
#17 7.502   node-merge-stream node-micromatch node-mime node-mime-types
#17 7.502   node-mimic-response node-minimatch node-minimist node-minipass node-mkdirp
#17 7.502   node-move-concurrently node-ms node-mute-stream node-n3 node-negotiator
#17 7.502   node-neo-async node-nopt node-normalize-package-data node-normalize-path
#17 7.502   node-npm-bundled node-npm-package-arg node-npm-run-path node-npmlog
#17 7.502   node-object-assign node-object-inspect node-once node-optimist
#17 7.502   node-optionator node-osenv node-p-cancelable node-p-limit node-p-locate
#17 7.502   node-p-map node-parse-json node-path-dirname node-path-exists
#17 7.502   node-path-is-absolute node-path-is-inside node-path-type node-picocolors
#17 7.502   node-pify node-pkg-dir node-postcss node-postcss-modules-extract-imports
#17 7.502   node-postcss-modules-values node-postcss-value-parser node-prelude-ls
#17 7.502   node-process-nextick-args node-progress node-promise-inflight
#17 7.502   node-promise-retry node-promzard node-prr node-pump node-punycode
#17 7.502   node-quick-lru node-randombytes node-read node-read-package-json
#17 7.502   node-read-pkg node-readable-stream node-readdirp node-rechoir
#17 7.502   node-regenerate node-regenerate-unicode-properties node-regenerator-runtime
#17 7.502   node-regenerator-transform node-regexpp node-regexpu-core node-regjsgen
#17 7.502   node-regjsparser node-repeat-string node-require-directory node-resolve
#17 7.502   node-resolve-cwd node-resolve-from node-resumer node-retry node-rimraf
#17 7.502   node-run-queue node-safe-buffer node-schema-utils node-semver
#17 7.502   node-serialize-javascript node-set-blocking node-set-immediate-shim
#17 7.502   node-shebang-command node-shebang-regex node-signal-exit node-slash
#17 7.502   node-slice-ansi node-source-list-map node-source-map node-source-map-support
#17 7.502   node-spdx-correct node-spdx-exceptions node-spdx-expression-parse
#17 7.502   node-spdx-license-ids node-sprintf-js node-ssri node-string-decoder
#17 7.502   node-string-width node-strip-ansi node-strip-bom node-strip-json-comments
#17 7.502   node-supports-color node-tapable node-tape node-tar node-terser
#17 7.502   node-text-table node-through node-time-stamp node-to-fast-properties
#17 7.502   node-to-regex-range node-tslib node-type-check node-typedarray
#17 7.502   node-typedarray-to-buffer node-undici
#17 7.502   node-unicode-canonical-property-names-ecmascript
#17 7.502   node-unicode-match-property-ecmascript
#17 7.502   node-unicode-match-property-value-ecmascript
#17 7.502   node-unicode-property-aliases-ecmascript node-unique-filename node-uri-js
#17 7.502   node-util node-util-deprecate node-uuid node-v8-compile-cache node-v8flags
#17 7.502   node-validate-npm-package-license node-validate-npm-package-name
#17 7.502   node-watchpack node-wcwidth.js node-webassemblyjs node-webpack-sources
#17 7.502   node-which node-wide-align node-wordwrap node-wrap-ansi node-wrappy
#17 7.502   node-write node-write-file-atomic node-xtend node-y18n node-yallist
#17 7.502   node-yargs node-yargs-parser openssl perl perl-modules-5.38 pinentry-curses
#17 7.502   python3-minimal python3-pkg-resources python3-setuptools python3-six
#17 7.502   python3-wheel python3.12 python3.12-minimal readline-common terser tzdata
#17 7.502   webpack
#17 7.503 Suggested packages:
#17 7.503   liblocale-gettext-perl cron quota ecryptfs-utils dbus-user-session
#17 7.503   libpam-systemd pinentry-gnome3 tor node-babel-eslint node-esprima-fb
#17 7.503   node-inquirer gettext-base git-daemon-run | git-daemon-sysvinit git-doc
#17 7.503   git-email git-gui gitk gitweb git-cvs git-mediawiki git-svn parcimonie
#17 7.503   xloadimage gpg-wks-server scdaemon gdbm-l10n krb5-doc krb5-user
#17 7.503   libjs-angularjs libssl-doc node-babel-plugin-polyfill-es-shims
#17 7.503   node-babel7-debug javascript-common livescript chai node-jest-diff
#17 7.503   node-opener perl-doc libterm-readline-gnu-perl | libterm-readline-perl-perl
#17 7.503   make libtap-harness-archive-perl pinentry-doc python3-doc python3-tk
#17 7.503   python3-venv python-setuptools-doc python3.12-venv python3.12-doc binutils
#17 7.503   binfmt-support readline-doc zip
#17 7.503 Recommended packages:
#17 7.503   patch less ssh-client gnupg-l10n gpg-wks-client javascript-common
#17 7.503   krb5-locales libldap-common publicsuffix libsasl2-modules node-re2
#17 7.503   node-require-from-string build-essential nodejs-doc node-tap python3-dev
#17 9.256 The following NEW packages will be installed:
#17 9.256   adduser ca-certificates curl dirmngr eslint git git-man gnupg gnupg-utils
#17 9.256   gnupg2 gpg gpg-agent gpgconf gpgsm gyp handlebars jq keyboxd libbrotli1
#17 9.256   libcares2 libcurl3t64-gnutls libcurl4t64 liberror-perl libexpat1
#17 9.256   libgdbm-compat4t64 libgdbm6t64 libgssapi-krb5-2 libicu74 libjq1 libjs-async
#17 9.256   libjs-events libjs-inherits libjs-is-typedarray libjs-prettify
#17 9.256   libjs-regenerate libjs-source-map libjs-sprintf-js
#17 9.256   libjs-typedarray-to-buffer libjs-util libk5crypto3 libkeyutils1 libkrb5-3
#17 9.256   libkrb5support0 libksba8 libldap2 libnghttp2-14 libnode-dev libnode109
#17 9.256   libonig5 libperl5.38t64 libpsl5t64 libpython3-stdlib libpython3.12-minimal
#17 9.257   libpython3.12-stdlib libreadline8t64 librtmp1 libsasl2-2 libsasl2-modules-db
#17 9.257   libsqlite3-0 libssh-4 libssl-dev libuv1-dev libuv1t64 media-types netbase
#17 9.257   node-abbrev node-acorn node-agent-base node-ajv node-ajv-keywords
#17 9.257   node-ampproject-remapping node-ansi-escapes node-ansi-regex node-ansi-styles
#17 9.257   node-anymatch node-aproba node-archy node-are-we-there-yet node-argparse
#17 9.257   node-arrify node-assert node-async node-async-each
#17 9.257   node-babel-helper-define-polyfill-provider
#17 9.257   node-babel-plugin-add-module-exports node-babel-plugin-lodash
#17 9.257   node-babel-plugin-polyfill-corejs2 node-babel-plugin-polyfill-corejs3
#17 9.257   node-babel-plugin-polyfill-regenerator node-babel7 node-babel7-runtime
#17 9.257   node-balanced-match node-base64-js node-binary-extensions
#17 9.257   node-brace-expansion node-braces node-browserslist node-builtins node-busboy
#17 9.257   node-cacache node-camelcase node-caniuse-lite node-chalk node-chokidar
#17 9.257   node-chownr node-chrome-trace-event node-ci-info node-cjs-module-lexer
#17 9.257   node-cli-table node-cliui node-clone node-clone-deep node-color-convert
#17 9.257   node-color-name node-colors node-columnify node-commander node-commondir
#17 9.257   node-concat-stream node-console-control-strings node-convert-source-map
#17 9.257   node-copy-concurrently node-core-js node-core-js-compat node-core-js-pure
#17 9.257   node-core-util-is node-css-loader node-css-selector-tokenizer
#17 9.257   node-data-uri-to-buffer node-debbundle-es-to-primitive node-debug
#17 9.257   node-decamelize node-decompress-response node-deep-equal node-deep-is
#17 9.257   node-defaults node-define-properties node-define-property node-defined
#17 9.257   node-del node-delegates node-depd node-diff node-doctrine
#17 9.257   node-electron-to-chromium node-encoding node-end-of-stream
#17 9.257   node-enhanced-resolve node-err-code node-errno node-error-ex
#17 9.257   node-es-abstract node-es-module-lexer node-es6-error
#17 9.257   node-escape-string-regexp node-escodegen node-eslint-scope node-eslint-utils
#17 9.257   node-eslint-visitor-keys node-espree node-esprima node-esquery
#17 9.257   node-esrecurse node-estraverse node-esutils node-events node-fancy-log
#17 9.257   node-fast-deep-equal node-fast-levenshtein node-fetch node-file-entry-cache
#17 9.257   node-fill-range node-find-cache-dir node-find-up node-flat-cache
#17 9.257   node-flatted node-for-in node-for-own node-foreground-child
#17 9.257   node-fs-readdir-recursive node-fs-write-stream-atomic node-fs.realpath
#17 9.257   node-function-bind node-functional-red-black-tree node-gauge
#17 9.257   node-get-caller-file node-get-stream node-glob node-glob-parent node-globals
#17 9.257   node-globby node-got node-graceful-fs node-gyp node-has-flag
#17 9.257   node-has-unicode node-hosted-git-info node-http-proxy-agent
#17 9.257   node-https-proxy-agent node-iconv-lite node-icss-utils node-ieee754
#17 9.257   node-iferr node-ignore node-imurmurhash node-indent-string node-inflight
#17 9.257   node-inherits node-ini node-interpret node-ip node-ip-regex node-is-arrayish
#17 9.257   node-is-binary-path node-is-buffer node-is-descriptor node-is-extendable
#17 9.257   node-is-extglob node-is-glob node-is-number node-is-path-cwd
#17 9.257   node-is-path-inside node-is-plain-obj node-is-plain-object node-is-stream
#17 9.257   node-is-typedarray node-is-windows node-isarray node-isexe node-isobject
#17 9.257   node-istanbul node-jest-debbundle node-jest-worker node-js-tokens
#17 9.257   node-js-yaml node-jsesc node-json-buffer node-json-parse-better-errors
#17 9.257   node-json-schema node-json-schema-traverse node-json-stable-stringify
#17 9.257   node-json5 node-jsonify node-jsonparse node-kind-of node-levn
#17 9.257   node-loader-runner node-locate-path node-lodash node-lodash-packages
#17 9.257   node-lowercase-keys node-lru-cache node-make-dir node-memfs node-memory-fs
#17 9.257   node-merge-stream node-micromatch node-mime node-mime-types
#17 9.257   node-mimic-response node-minimatch node-minimist node-minipass node-mkdirp
#17 9.257   node-move-concurrently node-ms node-mute-stream node-n3 node-negotiator
#17 9.257   node-neo-async node-nopt node-normalize-package-data node-normalize-path
#17 9.257   node-npm-bundled node-npm-package-arg node-npm-run-path node-npmlog
#17 9.257   node-object-assign node-object-inspect node-once node-optimist
#17 9.257   node-optionator node-osenv node-p-cancelable node-p-limit node-p-locate
#17 9.257   node-p-map node-parse-json node-path-dirname node-path-exists
#17 9.257   node-path-is-absolute node-path-is-inside node-path-type node-picocolors
#17 9.257   node-pify node-pkg-dir node-postcss node-postcss-modules-extract-imports
#17 9.257   node-postcss-modules-values node-postcss-value-parser node-prelude-ls
#17 9.257   node-process-nextick-args node-progress node-promise-inflight
#17 9.257   node-promise-retry node-promzard node-prr node-pump node-punycode
#17 9.257   node-quick-lru node-randombytes node-read node-read-package-json
#17 9.257   node-read-pkg node-readable-stream node-readdirp node-rechoir
#17 9.257   node-regenerate node-regenerate-unicode-properties node-regenerator-runtime
#17 9.257   node-regenerator-transform node-regexpp node-regexpu-core node-regjsgen
#17 9.257   node-regjsparser node-repeat-string node-require-directory node-resolve
#17 9.257   node-resolve-cwd node-resolve-from node-resumer node-retry node-rimraf
#17 9.257   node-run-queue node-safe-buffer node-schema-utils node-semver
#17 9.257   node-serialize-javascript node-set-blocking node-set-immediate-shim
#17 9.257   node-shebang-command node-shebang-regex node-signal-exit node-slash
#17 9.257   node-slice-ansi node-source-list-map node-source-map node-source-map-support
#17 9.257   node-spdx-correct node-spdx-exceptions node-spdx-expression-parse
#17 9.257   node-spdx-license-ids node-sprintf-js node-ssri node-string-decoder
#17 9.257   node-string-width node-strip-ansi node-strip-bom node-strip-json-comments
#17 9.257   node-supports-color node-tapable node-tape node-tar node-terser
#17 9.257   node-text-table node-through node-time-stamp node-to-fast-properties
#17 9.257   node-to-regex-range node-tslib node-type-check node-typedarray
#17 9.257   node-typedarray-to-buffer node-undici
#17 9.257   node-unicode-canonical-property-names-ecmascript
#17 9.257   node-unicode-match-property-ecmascript
#17 9.257   node-unicode-match-property-value-ecmascript
#17 9.257   node-unicode-property-aliases-ecmascript node-unique-filename node-uri-js
#17 9.257   node-util node-util-deprecate node-uuid node-v8-compile-cache node-v8flags
#17 9.257   node-validate-npm-package-license node-validate-npm-package-name
#17 9.257   node-watchpack node-wcwidth.js node-webassemblyjs node-webpack-sources
#17 9.257   node-which node-wide-align node-wordwrap node-wrap-ansi node-wrappy
#17 9.257   node-write node-write-file-atomic node-xtend node-y18n node-yallist
#17 9.257   node-yargs node-yargs-parser nodejs npm openssl perl perl-modules-5.38
#17 9.257   pinentry-curses python3 python3-minimal python3-pip python3-pkg-resources
#17 9.257   python3-setuptools python3-six python3-wheel python3.12 python3.12-minimal
#17 9.257   readline-common terser tzdata unzip webpack wget
#17 9.500 0 upgraded, 424 newly installed, 0 to remove and 9 not upgraded.
#17 9.500 Need to get 65.5 MB of archives.
#17 9.500 After this operation, 333 MB of additional disk space will be used.
#17 9.500 Get:1 http://ports.ubuntu.com/ubuntu-ports noble-updates/main arm64 libpython3.12-minimal arm64 3.12.3-1ubuntu0.9 [832 kB]
#17 10.26 Get:2 http://ports.ubuntu.com/ubuntu-ports noble-updates/main arm64 libexpat1 arm64 2.6.1-2ubuntu0.3 [77.4 kB]
#17 10.27 Get:3 http://ports.ubuntu.com/ubuntu-ports noble-updates/main arm64 python3.12-minimal arm64 3.12.3-1ubuntu0.9 [2235 kB]
#17 10.84 Get:4 http://ports.ubuntu.com/ubuntu-ports noble-updates/main arm64 python3-minimal arm64 3.12.3-0ubuntu2.1 [27.4 kB]
#17 10.84 Get:5 http://ports.ubuntu.com/ubuntu-ports noble/main arm64 media-types all 10.1.0 [27.5 kB]
#17 10.84 Get:6 http://ports.ubuntu.com/ubuntu-ports noble/main arm64 netbase all 6.4 [13.1 kB]
#17 10.84 Get:7 http://ports.ubuntu.com/ubuntu-ports noble-updates/main arm64 tzdata all 2025b-0ubuntu0.24.04.1 [276 kB]
#17 10.85 Get:8 http://ports.ubuntu.com/ubuntu-ports noble/main arm64 readline-common all 8.2-4build1 [56.5 kB]
#17 10.85 Get:9 http://ports.ubuntu.com/ubuntu-ports noble/main arm64 libreadline8t64 arm64 8.2-4build1 [153 kB]
#17 10.86 Get:10 http://ports.ubuntu.com/ubuntu-ports noble-updates/main arm64 libsqlite3-0 arm64 3.45.1-1ubuntu2.5 [704 kB]
#17 10.90 Get:11 http://ports.ubuntu.com/ubuntu-ports noble-updates/main arm64 libpython3.12-stdlib arm64 3.12.3-1ubuntu0.9 [2038 kB]
#17 11.02 Get:12 http://ports.ubuntu.com/ubuntu-ports noble-updates/main arm64 python3.12 arm64 3.12.3-1ubuntu0.9 [651 kB]
#17 11.06 Get:13 http://ports.ubuntu.com/ubuntu-ports noble-updates/main arm64 libpython3-stdlib arm64 3.12.3-0ubuntu2.1 [10.1 kB]
#17 11.06 Get:14 http://ports.ubuntu.com/ubuntu-ports noble-updates/main arm64 python3 arm64 3.12.3-0ubuntu2.1 [23.0 kB]
#17 11.06 Get:15 http://ports.ubuntu.com/ubuntu-ports noble-updates/main arm64 perl-modules-5.38 all 5.38.2-3.2ubuntu0.2 [3110 kB]
#17 11.51 Get:16 http://ports.ubuntu.com/ubuntu-ports noble/main arm64 libgdbm6t64 arm64 1.23-5.1build1 [34.4 kB]
#17 11.51 Get:17 http://ports.ubuntu.com/ubuntu-ports noble/main arm64 libgdbm-compat4t64 arm64 1.23-5.1build1 [6578 B]
#17 11.51 Get:18 http://ports.ubuntu.com/ubuntu-ports noble-updates/main arm64 libperl5.38t64 arm64 5.38.2-3.2ubuntu0.2 [4783 kB]
#17 12.04 Get:19 http://ports.ubuntu.com/ubuntu-ports noble-updates/main arm64 perl arm64 5.38.2-3.2ubuntu0.2 [231 kB]
#17 12.06 Get:20 http://ports.ubuntu.com/ubuntu-ports noble/main arm64 adduser all 3.137ubuntu1 [101 kB]
#17 12.06 Get:21 http://ports.ubuntu.com/ubuntu-ports noble-updates/main arm64 openssl arm64 3.0.13-0ubuntu3.6 [985 kB]
#17 12.13 Get:22 http://ports.ubuntu.com/ubuntu-ports noble/main arm64 ca-certificates all 20240203 [159 kB]
#17 12.14 Get:23 http://ports.ubuntu.com/ubuntu-ports noble-updates/main arm64 libkrb5support0 arm64 1.20.1-6ubuntu2.6 [34.8 kB]
#17 12.14 Get:24 http://ports.ubuntu.com/ubuntu-ports noble-updates/main arm64 libk5crypto3 arm64 1.20.1-6ubuntu2.6 [85.8 kB]
#17 12.14 Get:25 http://ports.ubuntu.com/ubuntu-ports noble/main arm64 libkeyutils1 arm64 1.6.3-3build1 [9654 B]
#17 12.14 Get:26 http://ports.ubuntu.com/ubuntu-ports noble-updates/main arm64 libkrb5-3 arm64 1.20.1-6ubuntu2.6 [349 kB]
#17 12.16 Get:27 http://ports.ubuntu.com/ubuntu-ports noble-updates/main arm64 libgssapi-krb5-2 arm64 1.20.1-6ubuntu2.6 [142 kB]
#17 12.17 Get:28 http://ports.ubuntu.com/ubuntu-ports noble-updates/main arm64 libicu74 arm64 74.2-1ubuntu3.1 [10.8 MB]
#17 13.37 Get:29 http://ports.ubuntu.com/ubuntu-ports noble-updates/main arm64 python3-pkg-resources all 68.1.2-2ubuntu1.2 [168 kB]
#17 13.38 Get:30 http://ports.ubuntu.com/ubuntu-ports noble-updates/main arm64 libnghttp2-14 arm64 1.59.0-1ubuntu0.2 [74.5 kB]
#17 13.38 Get:31 http://ports.ubuntu.com/ubuntu-ports noble/main arm64 libpsl5t64 arm64 0.21.2-1.1build1 [57.4 kB]
#17 13.39 Get:32 http://ports.ubuntu.com/ubuntu-ports noble/main arm64 libuv1t64 arm64 1.48.0-1.1build1 [95.3 kB]
#17 13.39 Get:33 http://ports.ubuntu.com/ubuntu-ports noble-updates/main arm64 wget arm64 1.21.4-1ubuntu4.1 [330 kB]
#17 13.42 Get:34 http://ports.ubuntu.com/ubuntu-ports noble/main arm64 libbrotli1 arm64 1.1.0-2build2 [339 kB]
#17 13.43 Get:35 http://ports.ubuntu.com/ubuntu-ports noble-updates/main arm64 libsasl2-modules-db arm64 2.1.28+dfsg1-5ubuntu3.1 [21.6 kB]
#17 13.43 Get:36 http://ports.ubuntu.com/ubuntu-ports noble-updates/main arm64 libsasl2-2 arm64 2.1.28+dfsg1-5ubuntu3.1 [54.7 kB]
#17 13.43 Get:37 http://ports.ubuntu.com/ubuntu-ports noble-updates/main arm64 libldap2 arm64 2.6.7+dfsg-1~exp1ubuntu8.2 [194 kB]
#17 13.48 Get:38 http://ports.ubuntu.com/ubuntu-ports noble/main arm64 librtmp1 arm64 2.4+20151223.gitfa8646d.1-2build7 [57.8 kB]
#17 13.49 Get:39 http://ports.ubuntu.com/ubuntu-ports noble-updates/main arm64 libssh-4 arm64 0.10.6-2ubuntu0.2 [189 kB]
#17 13.50 Get:40 http://ports.ubuntu.com/ubuntu-ports noble-updates/main arm64 libcurl4t64 arm64 8.5.0-2ubuntu10.6 [333 kB]
#17 13.53 Get:41 http://ports.ubuntu.com/ubuntu-ports noble-updates/main arm64 curl arm64 8.5.0-2ubuntu10.6 [222 kB]
#17 13.55 Get:42 http://ports.ubuntu.com/ubuntu-ports noble-updates/main arm64 gpgconf arm64 2.4.4-2ubuntu17.3 [103 kB]
#17 13.56 Get:43 http://ports.ubuntu.com/ubuntu-ports noble/main arm64 libksba8 arm64 1.6.6-1build1 [119 kB]
#17 13.57 Get:44 http://ports.ubuntu.com/ubuntu-ports noble-updates/main arm64 dirmngr arm64 2.4.4-2ubuntu17.3 [316 kB]
#17 13.60 Get:45 http://ports.ubuntu.com/ubuntu-ports noble/universe arm64 node-fast-deep-equal all 3.1.3-3 [5844 B]
#17 13.60 Get:46 http://ports.ubuntu.com/ubuntu-ports noble/universe arm64 node-json-schema-traverse all 1.0.0-3 [6338 B]
#17 13.60 Get:47 http://ports.ubuntu.com/ubuntu-ports noble/universe arm64 node-jsonify all 0.0.1-1 [6724 B]
#17 13.61 Get:48 http://ports.ubuntu.com/ubuntu-ports noble/universe arm64 node-json-stable-stringify all 1.0.2+repack1+~cs1.0.34-2 [7270 B]
#17 13.61 Get:49 http://ports.ubuntu.com/ubuntu-ports noble/universe arm64 node-punycode all 2.2.3-2 [10.0 kB]
#17 13.64 Get:50 http://ports.ubuntu.com/ubuntu-ports noble/universe arm64 node-uri-js all 4.4.0+dfsg-8 [52.5 kB]
#17 13.66 Get:51 http://ports.ubuntu.com/ubuntu-ports noble/main arm64 libcares2 arm64 1.27.0-1.0ubuntu1 [74.1 kB]
#17 13.67 Get:52 http://ports.ubuntu.com/ubuntu-ports noble/universe arm64 node-xtend all 4.0.2-3 [3902 B]
#17 13.68 Get:53 http://ports.ubuntu.com/ubuntu-ports noble/universe arm64 node-acorn all 8.8.1+ds+~cs25.17.7-2 [115 kB]
#17 13.71 Get:54 http://ports.ubuntu.com/ubuntu-ports noble/universe arm64 node-cjs-module-lexer all 1.2.3+dfsg-1 [32.1 kB]
#17 13.72 Get:55 http://ports.ubuntu.com/ubuntu-ports noble/universe arm64 node-busboy all 1.6.0+~cs2.6.0-2 [17.3 kB]
#17 13.72 Get:56 http://ports.ubuntu.com/ubuntu-ports noble/universe arm64 node-undici all 5.26.3+dfsg1+~cs23.10.12-2 [325 kB]
#17 13.75 Get:57 http://ports.ubuntu.com/ubuntu-ports noble/universe arm64 libnode109 arm64 18.19.1+dfsg-6ubuntu5 [11.2 MB]
#17 15.24 Get:58 http://ports.ubuntu.com/ubuntu-ports noble/universe arm64 nodejs arm64 18.19.1+dfsg-6ubuntu5 [306 kB]
#17 15.26 Get:59 http://ports.ubuntu.com/ubuntu-ports noble/universe arm64 node-ajv all 8.12.0~ds+~2.1.1-4 [185 kB]
#17 15.27 Get:60 http://ports.ubuntu.com/ubuntu-ports noble/universe arm64 libjs-inherits all 2.0.4-6 [3412 B]
#17 15.27 Get:61 http://ports.ubuntu.com/ubuntu-ports noble/universe arm64 node-inherits all 2.0.4-6 [3004 B]
#17 15.27 Get:62 http://ports.ubuntu.com/ubuntu-ports noble/universe arm64 node-core-util-is all 1.0.3-1 [4066 B]
#17 15.27 Get:63 http://ports.ubuntu.com/ubuntu-ports noble/universe arm64 node-safe-buffer all 5.2.1+~cs2.1.2-3 [15.8 kB]
#17 15.27 Get:64 http://ports.ubuntu.com/ubuntu-ports noble/universe arm64 node-string-decoder all 1.3.0-6 [7044 B]
#17 15.27 Get:65 http://ports.ubuntu.com/ubuntu-ports noble/universe arm64 node-process-nextick-args all 2.0.1-3 [3804 B]
#17 15.27 Get:66 http://ports.ubuntu.com/ubuntu-ports noble/universe arm64 node-util-deprecate all 1.0.2-3 [4202 B]
#17 15.35 Get:67 http://ports.ubuntu.com/ubuntu-ports noble/universe arm64 node-isarray all 2.0.5-4 [4024 B]
#17 15.37 Get:68 http://ports.ubuntu.com/ubuntu-ports noble/universe arm64 node-readable-stream all 3.6.0+~cs3.0.0-4build1 [32.4 kB]
#17 15.45 Get:69 http://ports.ubuntu.com/ubuntu-ports noble/universe arm64 node-typedarray all 0.0.7-1 [9584 B]
#17 15.46 Get:70 http://ports.ubuntu.com/ubuntu-ports noble/universe arm64 node-concat-stream all 2.0.0+~2.0.0-2 [6424 B]
#17 15.46 Get:71 http://ports.ubuntu.com/ubuntu-ports noble/universe arm64 node-ms all 2.1.3+~cs0.7.31-3 [5738 B]
#17 15.46 Get:72 http://ports.ubuntu.com/ubuntu-ports noble/universe arm64 node-debug all 4.3.4+~cs4.1.7-1 [17.7 kB]
#17 15.46 Get:73 http://ports.ubuntu.com/ubuntu-ports noble/universe arm64 node-esutils all 2.0.3+~2.0.0-1 [13.0 kB]
#17 15.46 Get:74 http://ports.ubuntu.com/ubuntu-ports noble/universe arm64 node-doctrine all 3.0.0-4 [18.3 kB]
#17 15.46 Get:75 http://ports.ubuntu.com/ubuntu-ports noble/universe arm64 node-eslint-visitor-keys all 3.3.0+~1.0.0-1 [14.4 kB]
#17 15.46 Get:76 http://ports.ubuntu.com/ubuntu-ports noble/universe arm64 node-estraverse all 5.3.0+ds+~5.1.1-1 [11.9 kB]
#17 15.47 Get:77 http://ports.ubuntu.com/ubuntu-ports noble/universe arm64 node-object-assign all 4.1.1-7 [4686 B]
#17 15.56 Get:78 http://ports.ubuntu.com/ubuntu-ports noble/universe arm64 node-esrecurse all 4.3.0-2 [6136 B]
#17 15.57 Get:79 http://ports.ubuntu.com/ubuntu-ports noble/universe arm64 node-eslint-scope all 7.1.1+~3.7.4-1 [31.5 kB]
#17 15.57 Get:80 http://ports.ubuntu.com/ubuntu-ports noble/universe arm64 node-espree all 9.4.1~dfsg-2 [21.0 kB]
#17 15.57 Get:81 http://ports.ubuntu.com/ubuntu-ports noble/universe arm64 node-esquery all 1.4.2~ds-1 [26.0 kB]
#17 15.57 Get:82 http://ports.ubuntu.com/ubuntu-ports noble/universe arm64 node-eslint-utils all 3.0.0-3 [15.8 kB]
#17 15.58 Get:83 http://ports.ubuntu.com/ubuntu-ports noble/universe arm64 node-flatted all 3.2.7~ds-1 [10.0 kB]
#17 15.58 Get:84 http://ports.ubuntu.com/ubuntu-ports noble/universe arm64 node-fs.realpath all 1.0.0-3 [6176 B]
#17 15.58 Get:85 http://ports.ubuntu.com/ubuntu-ports noble/universe arm64 node-wrappy all 1.0.2-3 [3732 B]
#17 15.58 Get:86 http://ports.ubuntu.com/ubuntu-ports noble/universe arm64 node-once all 1.4.1-1 [4664 B]
#17 15.66 Get:87 http://ports.ubuntu.com/ubuntu-ports noble/universe arm64 node-inflight all 1.0.6-2 [3940 B]
#17 15.67 Get:88 http://ports.ubuntu.com/ubuntu-ports noble/universe arm64 node-balanced-match all 2.0.0-1 [4910 B]
#17 15.68 Get:89 http://ports.ubuntu.com/ubuntu-ports noble/universe arm64 node-brace-expansion all 2.0.1+~1.1.0-1 [8072 B]
#17 15.68 Get:90 http://ports.ubuntu.com/ubuntu-ports noble/universe arm64 node-minimatch all 9.0.3-4build5 [51.1 kB]
#17 15.68 Get:91 http://ports.ubuntu.com/ubuntu-ports noble/universe arm64 node-glob all 8.1.0+~cs8.5.15-1 [137 kB]
#17 15.70 Get:92 http://ports.ubuntu.com/ubuntu-ports noble/universe arm64 node-rimraf all 3.0.2-2 [10.4 kB]
#17 15.70 Get:93 http://ports.ubuntu.com/ubuntu-ports noble/universe arm64 node-write all 2.0.0~6.0.1+~3.0.4+~2.0.0+~1.0.0+~2.0.1-1 [16.0 kB]
#17 15.77 Get:94 http://ports.ubuntu.com/ubuntu-ports noble/universe arm64 node-flat-cache all 3.0.4~6.0.1+~3.0.4+~2.0.0+~1.0.0+~2.0.1-1 [9050 B]
#17 15.77 Get:95 http://ports.ubuntu.com/ubuntu-ports noble/universe arm64 node-file-entry-cache all 6.0.1+~3.0.4+~2.0.0+~1.0.0+~2.0.1-1 [12.2 kB]
#17 15.77 Get:96 http://ports.ubuntu.com/ubuntu-ports noble/universe arm64 node-functional-red-black-tree all 1.0.1+20181105-7 [14.3 kB]
#17 15.78 Get:97 http://ports.ubuntu.com/ubuntu-ports noble/universe arm64 node-is-extglob all 2.1.1-5 [4624 B]
#17 15.78 Get:98 http://ports.ubuntu.com/ubuntu-ports noble/universe arm64 node-is-glob all 4.0.3-2 [6706 B]
#17 15.78 Get:99 http://ports.ubuntu.com/ubuntu-ports noble/universe arm64 node-path-dirname all 1.0.2-2 [4326 B]
#17 15.79 Get:100 http://ports.ubuntu.com/ubuntu-ports noble/universe arm64 node-glob-parent all 6.0.2+~5.1.1-2 [7050 B]
#17 15.87 Get:101 http://ports.ubuntu.com/ubuntu-ports noble/universe arm64 node-globals all 13.23.0-1 [11.7 kB]
#17 16.13 Get:102 http://ports.ubuntu.com/ubuntu-ports noble/universe arm64 node-resolve-from all 5.0.0+~3.1.0+~3.3.0+~2.0.0-1 [7332 B]
#17 16.24 Get:103 http://ports.ubuntu.com/ubuntu-ports noble/universe arm64 node-imurmurhash all 0.1.4+dfsg+~0.1.1-2 [8504 B]
#17 16.25 Get:104 http://ports.ubuntu.com/ubuntu-ports noble/universe arm64 node-ignore all 5.2.1-1 [24.2 kB]
#17 16.38 Get:105 http://ports.ubuntu.com/ubuntu-ports noble/universe arm64 node-prelude-ls all 1.2.1+dfsg-3 [9812 B]
#17 16.39 Get:106 http://ports.ubuntu.com/ubuntu-ports noble/universe arm64 node-type-check all 0.4.0+dfsg-3 [9318 B]
#17 16.41 Get:107 http://ports.ubuntu.com/ubuntu-ports noble/universe arm64 node-levn all 0.4.1+dfsg-2 [10.3 kB]
#17 16.44 Get:108 http://ports.ubuntu.com/ubuntu-ports noble/universe arm64 node-lodash all 4.17.21+dfsg+~cs8.31.198.20210220-9 [469 kB]
#17 16.75 Get:109 http://ports.ubuntu.com/ubuntu-ports noble/universe arm64 node-memfs all 3.4.12+~cs1.0.3-1 [41.0 kB]
#17 16.77 Get:110 http://ports.ubuntu.com/ubuntu-ports noble/universe arm64 node-mkdirp all 1.0.4+~1.0.2-4 [11.3 kB]
#17 16.77 Get:111 http://ports.ubuntu.com/ubuntu-ports noble/universe arm64 node-deep-is all 0.1.4-1 [5158 B]
#17 16.77 Get:112 http://ports.ubuntu.com/ubuntu-ports noble/universe arm64 node-fast-levenshtein all 2.0.6+ds-3 [6084 B]
#17 16.77 Get:113 http://ports.ubuntu.com/ubuntu-ports noble/universe arm64 node-optionator all 0.9.1+dfsg+~cs1.2.3-1 [17.1 kB]
#17 16.77 Get:114 http://ports.ubuntu.com/ubuntu-ports noble/universe arm64 node-progress all 2.0.3-2 [6704 B]
#17 16.78 Get:115 http://ports.ubuntu.com/ubuntu-ports noble/universe arm64 libjs-regenerate all 1.4.2-3 [14.7 kB]
#17 16.78 Get:116 http://ports.ubuntu.com/ubuntu-ports noble/universe arm64 node-regenerate all 1.4.2-3 [2340 B]
#17 16.78 Get:117 http://ports.ubuntu.com/ubuntu-ports noble/universe arm64 node-regenerate-unicode-properties all 10.1.0+ds-1 [54.7 kB]
#17 16.86 Get:118 http://ports.ubuntu.com/ubuntu-ports noble/universe arm64 node-regexpp all 3.2.0-5 [27.8 kB]
#17 16.88 Get:119 http://ports.ubuntu.com/ubuntu-ports noble/universe arm64 node-yallist all 4.0.0+~4.0.1-1 [8322 B]
#17 16.88 Get:120 http://ports.ubuntu.com/ubuntu-ports noble/universe arm64 node-lru-cache all 7.14.1-1 [23.9 kB]
#17 16.88 Get:121 http://ports.ubuntu.com/ubuntu-ports noble/universe arm64 node-semver all 7.5.4+~7.5.0-2 [44.3 kB]
#17 16.88 Get:122 http://ports.ubuntu.com/ubuntu-ports noble/universe arm64 node-strip-json-comments all 4.0.0-4 [5656 B]
#17 16.88 Get:123 http://ports.ubuntu.com/ubuntu-ports noble/universe arm64 node-json-schema all 0.4.0+~7.0.11-1 [13.4 kB]
#17 16.89 Get:124 http://ports.ubuntu.com/ubuntu-ports noble/universe arm64 node-v8-compile-cache all 2.4.0-2 [7686 B]
#17 16.89 Get:125 http://ports.ubuntu.com/ubuntu-ports noble/universe arm64 eslint all 6.4.0~dfsg+~6.1.9-11build3 [354 kB]
#17 16.93 Get:126 http://ports.ubuntu.com/ubuntu-ports noble-updates/main arm64 libcurl3t64-gnutls arm64 8.5.0-2ubuntu10.6 [328 kB]
#17 16.98 Get:127 http://ports.ubuntu.com/ubuntu-ports noble/main arm64 liberror-perl all 0.17029-2 [25.6 kB]
#17 16.98 Get:128 http://ports.ubuntu.com/ubuntu-ports noble-updates/main arm64 git-man all 1:2.43.0-1ubuntu7.3 [1100 kB]
#17 17.09 Get:129 http://ports.ubuntu.com/ubuntu-ports noble-updates/main arm64 git arm64 1:2.43.0-1ubuntu7.3 [3774 kB]
#17 17.71 Get:130 http://ports.ubuntu.com/ubuntu-ports noble-updates/main arm64 gnupg-utils arm64 2.4.4-2ubuntu17.3 [106 kB]
#17 17.71 Get:131 http://ports.ubuntu.com/ubuntu-ports noble-updates/main arm64 gpg arm64 2.4.4-2ubuntu17.3 [549 kB]
#17 17.73 Get:132 http://ports.ubuntu.com/ubuntu-ports noble/main arm64 pinentry-curses arm64 1.2.1-3ubuntu5 [34.3 kB]
#17 17.73 Get:133 http://ports.ubuntu.com/ubuntu-ports noble-updates/main arm64 gpg-agent arm64 2.4.4-2ubuntu17.3 [221 kB]
#17 17.74 Get:134 http://ports.ubuntu.com/ubuntu-ports noble-updates/main arm64 gpgsm arm64 2.4.4-2ubuntu17.3 [225 kB]
#17 18.10 Get:135 http://ports.ubuntu.com/ubuntu-ports noble-updates/main arm64 keyboxd arm64 2.4.4-2ubuntu17.3 [75.9 kB]
#17 18.11 Get:136 http://ports.ubuntu.com/ubuntu-ports noble-updates/main arm64 gnupg all 2.4.4-2ubuntu17.3 [359 kB]
#17 18.12 Get:137 http://ports.ubuntu.com/ubuntu-ports noble/main arm64 python3-six all 1.16.0-4 [12.4 kB]
#17 18.13 Get:138 http://ports.ubuntu.com/ubuntu-ports noble/universe arm64 gyp all 0.1+20220404git9ecf45e-2 [238 kB]
#17 18.14 Get:139 http://ports.ubuntu.com/ubuntu-ports noble/universe arm64 node-neo-async all 2.6.2+~cs3.0.0-3 [42.9 kB]
#17 18.14 Get:140 http://ports.ubuntu.com/ubuntu-ports noble/universe arm64 node-arrify all 2.0.1-3 [3688 B]
#17 18.14 Get:141 http://ports.ubuntu.com/ubuntu-ports noble/universe arm64 node-is-plain-obj all 3.0.0-2 [3994 B]
#17 18.14 Get:142 http://ports.ubuntu.com/ubuntu-ports noble/universe arm64 node-is-buffer all 2.0.5-2 [4128 B]
#17 18.14 Get:143 http://ports.ubuntu.com/ubuntu-ports noble/universe arm64 node-kind-of all 6.0.3+dfsg-2 [8628 B]
#17 18.21 Get:144 http://ports.ubuntu.com/ubuntu-ports noble/universe arm64 node-minimist all 1.2.8+~cs5.3.5-1 [10.2 kB]
#17 18.24 Get:145 http://ports.ubuntu.com/ubuntu-ports noble/universe arm64 node-wordwrap all 1.0.0-4 [4644 B]
#17 18.24 Get:146 http://ports.ubuntu.com/ubuntu-ports noble/universe arm64 node-optimist all 0.6.1+~0.0.30-2 [13.8 kB]
#17 18.25 Get:147 http://ports.ubuntu.com/ubuntu-ports noble/universe arm64 libjs-source-map all 0.7.0++dfsg2+really.0.6.1-15 [27.1 kB]
#17 18.25 Get:148 http://ports.ubuntu.com/ubuntu-ports noble/universe arm64 node-source-map all 0.7.0++dfsg2+really.0.6.1-15 [42.8 kB]
#17 18.32 Get:149 http://ports.ubuntu.com/ubuntu-ports noble/universe arm64 handlebars all 3:4.7.7+~4.1.0-1 [211 kB]
#17 18.33 Get:150 http://ports.ubuntu.com/ubuntu-ports noble/main arm64 libonig5 arm64 6.9.9-1build1 [172 kB]
#17 18.35 Get:151 http://ports.ubuntu.com/ubuntu-ports noble-updates/main arm64 libjq1 arm64 1.7.1-3ubuntu0.24.04.1 [134 kB]
#17 18.36 Get:152 http://ports.ubuntu.com/ubuntu-ports noble-updates/main arm64 jq arm64 1.7.1-3ubuntu0.24.04.1 [64.7 kB]
#17 18.37 Get:153 http://ports.ubuntu.com/ubuntu-ports noble/universe arm64 libjs-async all 0.8.0-6 [24.1 kB]
#17 18.37 Get:154 http://ports.ubuntu.com/ubuntu-ports noble/universe arm64 libjs-events all 3.3.0+~3.0.0-3 [9762 B]
#17 18.37 Get:155 http://ports.ubuntu.com/ubuntu-ports noble/universe arm64 libjs-is-typedarray all 1.0.0-4 [3804 B]
#17 18.37 Get:156 http://ports.ubuntu.com/ubuntu-ports noble/universe arm64 libjs-prettify all 2015.12.04+dfsg-1.1 [39.3 kB]
#17 18.38 Get:157 http://ports.ubuntu.com/ubuntu-ports noble/universe arm64 libjs-sprintf-js all 1.1.2+ds1+~1.1.2-1 [12.8 kB]
#17 18.42 Get:158 http://ports.ubuntu.com/ubuntu-ports noble/universe arm64 libjs-typedarray-to-buffer all 4.0.0-2 [4658 B]
#17 18.44 Get:159 http://ports.ubuntu.com/ubuntu-ports noble/universe arm64 node-lodash-packages all 4.17.21+dfsg+~cs8.31.198.20210220-9 [176 kB]
#17 18.46 Get:160 http://ports.ubuntu.com/ubuntu-ports noble/universe arm64 node-function-bind all 1.1.2+~cs2.1.14-1 [20.3 kB]
#17 18.47 Get:161 http://ports.ubuntu.com/ubuntu-ports noble/universe arm64 node-object-inspect all 1.12.2+~cs1.8.1-1 [11.4 kB]
#17 18.47 Get:162 http://ports.ubuntu.com/ubuntu-ports noble/universe arm64 node-es-abstract all 1.20.4+~cs26.27.47-1 [139 kB]
#17 18.49 Get:163 http://ports.ubuntu.com/ubuntu-ports noble/universe arm64 node-resolve all 1.22.8+~cs5.34.15-2 [23.3 kB]
#17 18.49 Get:164 http://ports.ubuntu.com/ubuntu-ports noble/universe arm64 node-define-properties all 1.2.1+~cs2.2.3-1 [7472 B]
#17 18.50 Get:165 http://ports.ubuntu.com/ubuntu-ports noble/universe arm64 node-debbundle-es-to-primitive all 1.2.1+~cs9.7.25-2 [14.1 kB]
#17 18.52 Get:166 http://ports.ubuntu.com/ubuntu-ports noble/universe arm64 node-isobject all 4.0.0-2 [5374 B]
#17 18.52 Get:167 http://ports.ubuntu.com/ubuntu-ports noble/universe arm64 node-is-descriptor all 3.0.0-2 [5606 B]
#17 18.54 Get:168 http://ports.ubuntu.com/ubuntu-ports noble/universe arm64 node-define-property all 2.0.2+really+2.0.2-3 [5846 B]
#17 18.56 Get:169 http://ports.ubuntu.com/ubuntu-ports noble/universe arm64 node-defined all 1.0.1+~1.0.0-1 [5276 B]
#17 18.57 Get:170 http://ports.ubuntu.com/ubuntu-ports noble/universe arm64 node-abbrev all 1.1.1+~1.1.2-1 [5784 B]
#17 18.58 Get:171 http://ports.ubuntu.com/ubuntu-ports noble/universe arm64 node-archy all 1.0.0-6 [4588 B]
#17 18.60 Get:172 http://ports.ubuntu.com/ubuntu-ports noble/universe arm64 node-async all 0.8.0-6 [2614 B]
#17 18.63 Get:173 http://ports.ubuntu.com/ubuntu-ports noble/universe arm64 node-convert-source-map all 1.9.0+~1.5.2-1 [8332 B]
#17 18.63 Get:174 http://ports.ubuntu.com/ubuntu-ports noble/universe arm64 node-decamelize all 4.0.0-2 [4016 B]
#17 18.63 Get:175 http://ports.ubuntu.com/ubuntu-ports noble/universe arm64 node-es6-error all 4.1.1-5 [5802 B]
#17 18.64 Get:176 http://ports.ubuntu.com/ubuntu-ports noble/universe arm64 node-esprima all 4.0.1+ds+~4.0.3-2 [69.3 kB]
#17 18.66 Get:177 http://ports.ubuntu.com/ubuntu-ports noble/universe arm64 node-escodegen all 2.1.0+dfsg+~0.0.8-1 [23.5 kB]
#17 18.66 Get:178 http://ports.ubuntu.com/ubuntu-ports noble/universe arm64 node-commondir all 1.0.1+~1.0.0-1 [4400 B]
#17 18.67 Get:179 http://ports.ubuntu.com/ubuntu-ports noble/universe arm64 node-is-number all 7.0.0-4 [5894 B]
#17 18.68 Get:180 http://ports.ubuntu.com/ubuntu-ports noble/universe arm64 node-repeat-string all 1.6.1+repack-1 [5660 B]
#17 18.70 Get:181 http://ports.ubuntu.com/ubuntu-ports noble/universe arm64 node-to-regex-range all 5.0.1-4 [10.7 kB]
#17 18.73 Get:182 http://ports.ubuntu.com/ubuntu-ports noble/universe arm64 node-fill-range all 7.0.1+~7.0.0-1 [9098 B]
#17 18.75 Get:183 http://ports.ubuntu.com/ubuntu-ports noble/universe arm64 node-braces all 3.0.2+~3.0.1-1 [19.4 kB]
#17 18.75 Get:184 http://ports.ubuntu.com/ubuntu-ports noble/universe arm64 node-normalize-path all 3.0.0+~3.0.0-1 [6718 B]
#17 18.76 Get:185 http://ports.ubuntu.com/ubuntu-ports noble/universe arm64 node-anymatch all 3.1.3+~cs4.6.1-2 [31.3 kB]
#17 18.76 Get:186 http://ports.ubuntu.com/ubuntu-ports noble/universe arm64 node-micromatch all 4.0.5+~4.0.2-1 [23.5 kB]
#17 18.77 Get:187 http://ports.ubuntu.com/ubuntu-ports noble/universe arm64 node-pify all 5.0.0+~cs5.0.1-1 [7148 B]
#17 18.78 Get:188 http://ports.ubuntu.com/ubuntu-ports noble/universe arm64 node-path-type all 4.0.0-3 [3934 B]
#17 18.79 Get:189 http://ports.ubuntu.com/ubuntu-ports noble/universe arm64 node-n3 all 1.16.3+~1.2.3+~1.10.4-1 [37.7 kB]
#17 18.81 Get:190 http://ports.ubuntu.com/ubuntu-ports noble/universe arm64 node-slash all 4.0.0-3 [4326 B]
#17 18.83 Get:191 http://ports.ubuntu.com/ubuntu-ports noble/universe arm64 node-globby all 13.1.3+~cs16.25.40-2 [41.4 kB]
#17 18.85 Get:192 http://ports.ubuntu.com/ubuntu-ports noble/universe arm64 node-graceful-fs all 4.2.10-1 [14.0 kB]
#17 18.86 Get:193 http://ports.ubuntu.com/ubuntu-ports noble/universe arm64 node-is-path-cwd all 2.2.0-2 [3650 B]
#17 18.87 Get:194 http://ports.ubuntu.com/ubuntu-ports noble/universe arm64 node-path-is-inside all 1.0.2+~1.0.0-1 [5098 B]
#17 18.87 Get:195 http://ports.ubuntu.com/ubuntu-ports noble/universe arm64 node-is-path-inside all 3.0.3-2 [3982 B]
#17 18.89 Get:196 http://ports.ubuntu.com/ubuntu-ports noble/universe arm64 node-escape-string-regexp all 4.0.0-2 [4328 B]
#17 18.89 Get:197 http://ports.ubuntu.com/ubuntu-ports noble/universe arm64 node-indent-string all 4.0.0-2 [4122 B]
#17 18.91 Get:198 http://ports.ubuntu.com/ubuntu-ports noble/universe arm64 node-p-map all 4.0.0+~3.1.0+~3.0.1-1 [8058 B]
#17 18.92 Get:199 http://ports.ubuntu.com/ubuntu-ports noble/universe arm64 node-del all 7.0.0-5 [6928 B]
#17 18.94 Get:200 http://ports.ubuntu.com/ubuntu-ports noble/universe arm64 node-make-dir all 3.1.0-3 [6096 B]
#17 18.96 Get:201 http://ports.ubuntu.com/ubuntu-ports noble/universe arm64 node-p-limit all 4.0.0+~cs4.0.0-5 [7722 B]
#17 18.97 Get:202 http://ports.ubuntu.com/ubuntu-ports noble/universe arm64 node-p-locate all 6.0.0-12 [5340 B]
#17 19.19 Get:203 http://ports.ubuntu.com/ubuntu-ports noble/universe arm64 node-locate-path all 7.1.1-2 [5448 B]
#17 19.31 Get:204 http://ports.ubuntu.com/ubuntu-ports noble/universe arm64 node-path-exists all 5.0.0-8 [4602 B]
#17 19.31 Get:205 http://ports.ubuntu.com/ubuntu-ports noble/universe arm64 node-find-up all 6.3.0-7 [9340 B]
#17 19.33 Get:206 http://ports.ubuntu.com/ubuntu-ports noble/universe arm64 node-pkg-dir all 5.0.0-2 [4270 B]
#17 19.41 Get:207 http://ports.ubuntu.com/ubuntu-ports noble/universe arm64 node-find-cache-dir all 3.3.2+~3.2.1-1 [6210 B]
#17 19.42 Get:208 http://ports.ubuntu.com/ubuntu-ports noble/universe arm64 node-signal-exit all 4.1.0-6 [14.1 kB]
#17 19.47 Get:209 http://ports.ubuntu.com/ubuntu-ports noble/universe arm64 node-foreground-child all 3.1.1-2 [12.4 kB]
#17 19.49 Get:210 http://ports.ubuntu.com/ubuntu-ports noble/universe arm64 node-is-stream all 3.0.0-4 [5106 B]
#17 19.52 Get:211 http://ports.ubuntu.com/ubuntu-ports noble/universe arm64 node-is-windows all 1.0.2+~cs1.0.0-1 [5980 B]
#17 19.55 Get:212 http://ports.ubuntu.com/ubuntu-ports noble/universe arm64 node-ampproject-remapping all 2.2.0+~cs5.15.37-1 [62.4 kB]
#17 19.67 Get:213 http://ports.ubuntu.com/ubuntu-ports noble/universe arm64 node-sprintf-js all 1.1.2+ds1+~1.1.2-1 [3916 B]
#17 19.67 Get:214 http://ports.ubuntu.com/ubuntu-ports noble/universe arm64 node-argparse all 2.0.1-2 [33.2 kB]
#17 19.67 Get:215 http://ports.ubuntu.com/ubuntu-ports noble/universe arm64 node-js-yaml all 4.1.0+dfsg+~4.0.5-7 [61.9 kB]
#17 19.73 Get:216 http://ports.ubuntu.com/ubuntu-ports noble/universe arm64 node-nopt all 5.0.0-4 [10.9 kB]
#17 19.73 Get:217 http://ports.ubuntu.com/ubuntu-ports noble/universe arm64 node-npm-run-path all 5.1.0+~4.0.0-8 [6402 B]
#17 19.74 Get:218 http://ports.ubuntu.com/ubuntu-ports noble/universe arm64 node-shebang-regex all 3.0.0-2 [3504 B]
#17 19.76 Get:219 http://ports.ubuntu.com/ubuntu-ports noble/universe arm64 node-shebang-command all 2.0.0-1 [3456 B]
#17 19.76 Get:220 http://ports.ubuntu.com/ubuntu-ports noble/universe arm64 node-strip-bom all 4.0.0-2 [4158 B]
#17 19.76 Get:221 http://ports.ubuntu.com/ubuntu-ports noble/universe arm64 node-has-flag all 4.0.0-3 [4268 B]
#17 19.78 Get:222 http://ports.ubuntu.com/ubuntu-ports noble/universe arm64 node-supports-color all 8.1.1+~8.1.1-1 [7048 B]
#17 19.78 Get:223 http://ports.ubuntu.com/ubuntu-ports noble/universe arm64 node-util all 0.12.5+~1.0.10-1 [3760 B]
#17 19.78 Get:224 http://ports.ubuntu.com/ubuntu-ports noble/universe arm64 node-assert all 2.0.0+~cs3.9.8-2 [26.2 kB]
#17 19.85 Get:225 http://ports.ubuntu.com/ubuntu-ports noble/universe arm64 node-babel-plugin-add-module-exports all 1.0.4+dfsg1~cs5.8.0-4 [8860 B]
#17 19.85 Get:226 http://ports.ubuntu.com/ubuntu-ports noble/universe arm64 node-regenerator-runtime all 0.15.2+~0.10.8-1 [10.9 kB]
#17 19.89 Get:227 http://ports.ubuntu.com/ubuntu-ports noble/universe arm64 node-babel7-runtime all 7.20.15+ds1+~cs214.269.168-6build1 [43.2 kB]
#17 19.91 Get:228 http://ports.ubuntu.com/ubuntu-ports noble/universe arm64 node-babel-helper-define-polyfill-provider all 0.3.3~0~20220913+ds1-1 [28.4 kB]
#17 19.91 Get:229 http://ports.ubuntu.com/ubuntu-ports noble/universe arm64 node-babel-plugin-polyfill-corejs2 all 0.3.3~0~20220913+ds1-1 [17.2 kB]
#17 19.91 Get:230 http://ports.ubuntu.com/ubuntu-ports noble/universe arm64 node-caniuse-lite all 1.0.30001571+dfsg+~1.0.5-1 [348 kB]
#17 20.02 Get:231 http://ports.ubuntu.com/ubuntu-ports noble/universe arm64 node-electron-to-chromium all 1.4.616-1 [39.6 kB]
#17 20.03 Get:232 http://ports.ubuntu.com/ubuntu-ports noble/universe arm64 node-picocolors all 1.0.0-4 [6176 B]
#17 20.03 Get:233 http://ports.ubuntu.com/ubuntu-ports noble/universe arm64 node-browserslist all 4.22.1+~cs6.1.28-1 [72.9 kB]
#17 20.05 Get:234 http://ports.ubuntu.com/ubuntu-ports noble/universe arm64 node-core-js-compat all 3.33.2-1build2 [39.1 kB]
#17 20.06 Get:235 http://ports.ubuntu.com/ubuntu-ports noble/universe arm64 node-babel-plugin-polyfill-corejs3 all 0.6.0~0~20220913+ds1-1 [30.2 kB]
#17 20.07 Get:236 http://ports.ubuntu.com/ubuntu-ports noble/universe arm64 node-babel-plugin-polyfill-regenerator all 0.4.1~0~20220913+ds1-1 [4366 B]
#17 20.07 Get:237 http://ports.ubuntu.com/ubuntu-ports noble/universe arm64 node-color-name all 1.1.4+~1.1.1-2 [6076 B]
#17 20.07 Get:238 http://ports.ubuntu.com/ubuntu-ports noble/universe arm64 node-color-convert all 2.0.1+~cs2.0.0-2 [12.8 kB]
#17 20.07 Get:239 http://ports.ubuntu.com/ubuntu-ports noble/universe arm64 node-ansi-styles all 6.2.1-2 [8768 B]
#17 20.13 Get:240 http://ports.ubuntu.com/ubuntu-ports noble/universe arm64 node-chalk all 5.3.0-1build1 [18.8 kB]
#17 20.14 Get:241 http://ports.ubuntu.com/ubuntu-ports noble/universe arm64 node-for-in all 1.0.2-4 [4856 B]
#17 20.14 Get:242 http://ports.ubuntu.com/ubuntu-ports noble/universe arm64 node-for-own all 1.0.0-3 [4708 B]
#17 20.16 Get:243 http://ports.ubuntu.com/ubuntu-ports noble/universe arm64 node-is-plain-object all 5.0.0-7 [6338 B]
#17 20.17 Get:244 http://ports.ubuntu.com/ubuntu-ports noble/universe arm64 node-is-extendable all 1.0.1-3 [5258 B]
#17 20.17 Get:245 http://ports.ubuntu.com/ubuntu-ports noble/universe arm64 node-clone-deep all 4.0.1+~cs7.0.2-1 [6822 B]
#17 20.18 Get:246 http://ports.ubuntu.com/ubuntu-ports noble/universe arm64 node-commander all 9.4.1-1 [50.6 kB]
#17 20.19 Get:247 http://ports.ubuntu.com/ubuntu-ports noble/universe arm64 node-core-js all 3.33.2-1build2 [270 kB]
#17 20.24 Get:248 http://ports.ubuntu.com/ubuntu-ports noble/universe arm64 node-core-js-pure all 3.33.2-1build2 [250 kB]
#17 20.26 Get:249 http://ports.ubuntu.com/ubuntu-ports noble/universe arm64 node-fs-readdir-recursive all 1.1.0+~1.1.0-1 [4552 B]
#17 20.26 Get:250 http://ports.ubuntu.com/ubuntu-ports noble/universe arm64 node-js-tokens all 8.0.0-2 [12.1 kB]
#17 20.26 Get:251 http://ports.ubuntu.com/ubuntu-ports noble/universe arm64 node-jsesc all 3.0.2+~3.0.1-1 [18.0 kB]
#17 20.27 Get:252 http://ports.ubuntu.com/ubuntu-ports noble/universe arm64 node-json5 all 2.2.3+dfsg-1build1 [21.9 kB]
#17 20.28 Get:253 http://ports.ubuntu.com/ubuntu-ports noble/universe arm64 node-quick-lru all 6.1.1-4 [8190 B]
#17 20.28 Get:254 http://ports.ubuntu.com/ubuntu-ports noble/universe arm64 node-regenerator-transform all 0.15.2+~0.10.8-1 [25.5 kB]
#17 20.29 Get:255 http://ports.ubuntu.com/ubuntu-ports noble/universe arm64 node-regjsgen all 0.7.1+ds-1 [7048 B]
#17 20.29 Get:256 http://ports.ubuntu.com/ubuntu-ports noble/universe arm64 node-regjsparser all 0.9.1+ds-2 [21.6 kB]
#17 20.35 Get:257 http://ports.ubuntu.com/ubuntu-ports noble/universe arm64 node-unicode-canonical-property-names-ecmascript all 2.0.0-2 [4558 B]
#17 20.37 Get:258 http://ports.ubuntu.com/ubuntu-ports noble/universe arm64 node-unicode-property-aliases-ecmascript all 2.1.0+ds-1 [5316 B]
#17 20.37 Get:259 http://ports.ubuntu.com/ubuntu-ports noble/universe arm64 node-unicode-match-property-ecmascript all 2.0.0-2 [4420 B]
#17 20.38 Get:260 http://ports.ubuntu.com/ubuntu-ports noble/universe arm64 node-unicode-match-property-value-ecmascript all 2.1.0+ds-1 [7486 B]
#17 20.38 Get:261 http://ports.ubuntu.com/ubuntu-ports noble/universe arm64 node-regexpu-core all 5.2.2-3 [15.5 kB]
#17 20.39 Get:262 http://ports.ubuntu.com/ubuntu-ports noble/universe arm64 node-source-map-support all 0.5.21+ds+~0.5.4-1 [14.2 kB]
#17 20.39 Get:263 http://ports.ubuntu.com/ubuntu-ports noble/universe arm64 node-to-fast-properties all 3.0.1-3 [4334 B]
#17 20.40 Get:264 http://ports.ubuntu.com/ubuntu-ports noble/universe arm64 node-v8flags all 3.2.0+~3.1.1-1 [7766 B]
#17 20.40 Get:265 http://ports.ubuntu.com/ubuntu-ports noble/universe arm64 node-babel7 all 7.20.15+ds1+~cs214.269.168-6build1 [627 kB]
#17 20.46 Get:266 http://ports.ubuntu.com/ubuntu-ports noble/universe arm64 node-is-arrayish all 0.3.2-3 [3970 B]
#17 20.48 Get:267 http://ports.ubuntu.com/ubuntu-ports noble/universe arm64 node-error-ex all 1.3.2-4 [5708 B]
#17 20.48 Get:268 http://ports.ubuntu.com/ubuntu-ports noble/universe arm64 node-json-parse-better-errors all 1.0.2+~cs3.3.1-2 [7384 B]
#17 20.49 Get:269 http://ports.ubuntu.com/ubuntu-ports noble/universe arm64 node-parse-json all 5.2.0+~cs5.1.7-1 [7516 B]
#17 20.49 Get:270 http://ports.ubuntu.com/ubuntu-ports noble/universe arm64 node-hosted-git-info all 6.1.1-2 [9904 B]
#17 20.49 Get:271 http://ports.ubuntu.com/ubuntu-ports noble/universe arm64 node-spdx-license-ids all 3.0.12-1 [6488 B]
#17 20.50 Get:272 http://ports.ubuntu.com/ubuntu-ports noble/universe arm64 node-spdx-exceptions all 2.3.0-2 [3978 B]
#17 20.50 Get:273 http://ports.ubuntu.com/ubuntu-ports noble/universe arm64 node-spdx-expression-parse all 3.0.1+~3.0.1-1 [7658 B]
#17 20.51 Get:274 http://ports.ubuntu.com/ubuntu-ports noble/universe arm64 node-spdx-correct all 3.1.1-2 [5476 B]
#17 20.59 Get:275 http://ports.ubuntu.com/ubuntu-ports noble/universe arm64 node-validate-npm-package-license all 3.0.4-2 [4252 B]
#17 20.59 Get:276 http://ports.ubuntu.com/ubuntu-ports noble/universe arm64 node-normalize-package-data all 4.0.1+~2.4.1-1 [13.1 kB]
#17 20.59 Get:277 http://ports.ubuntu.com/ubuntu-ports noble/universe arm64 node-read-pkg all 5.2.0-2 [24.5 kB]
#17 20.60 Get:278 http://ports.ubuntu.com/ubuntu-ports noble/universe arm64 node-uuid all 8.3.2+~8.3.3-4 [36.0 kB]
#17 20.60 Get:279 http://ports.ubuntu.com/ubuntu-ports noble/universe arm64 node-isexe all 2.0.0+~2.0.1-5 [6078 B]
#17 20.61 Get:280 http://ports.ubuntu.com/ubuntu-ports noble/universe arm64 node-which all 2.0.2+~cs1.3.2-3 [7154 B]
#17 20.61 Get:281 http://ports.ubuntu.com/ubuntu-ports noble/universe arm64 node-is-typedarray all 1.0.0-4 [2072 B]
#17 20.61 Get:282 http://ports.ubuntu.com/ubuntu-ports noble/universe arm64 node-typedarray-to-buffer all 4.0.0-2 [2242 B]
#17 20.62 Get:283 http://ports.ubuntu.com/ubuntu-ports noble/universe arm64 node-write-file-atomic all 4.0.2+~4.0.0-2 [8750 B]
#17 20.69 Get:284 http://ports.ubuntu.com/ubuntu-ports noble/universe arm64 node-slice-ansi all 5.0.0+~cs9.0.0-5 [9044 B]
#17 20.70 Get:285 http://ports.ubuntu.com/ubuntu-ports noble/universe arm64 node-ansi-regex all 5.0.1-1 [4984 B]
#17 20.70 Get:286 http://ports.ubuntu.com/ubuntu-ports noble/universe arm64 node-strip-ansi all 6.0.1-2 [4128 B]
#17 20.71 Get:287 http://ports.ubuntu.com/ubuntu-ports noble/universe arm64 node-clone all 2.1.2+~2.1.2-1 [9340 B]
#17 20.73 Get:288 http://ports.ubuntu.com/ubuntu-ports noble/universe arm64 node-defaults all 1.0.4+~1.0.3-1 [4394 B]
#17 20.73 Get:289 http://ports.ubuntu.com/ubuntu-ports noble/universe arm64 node-wcwidth.js all 1.0.2-2 [7204 B]
#17 20.73 Get:290 http://ports.ubuntu.com/ubuntu-ports noble/universe arm64 node-string-width all 4.2.3+~cs13.2.3-1 [11.4 kB]
#17 20.73 Get:291 http://ports.ubuntu.com/ubuntu-ports noble/universe arm64 node-wrap-ansi all 8.0.1+~8.0.1-3 [12.2 kB]
#17 20.73 Get:292 http://ports.ubuntu.com/ubuntu-ports noble/universe arm64 node-cliui all 7.0.4+repack+~cs3.1.0-4 [10.8 kB]
#17 20.80 Get:293 http://ports.ubuntu.com/ubuntu-ports noble/universe arm64 node-get-caller-file all 2.0.5+~cs1.1.1-4 [5774 B]
#17 20.81 Get:294 http://ports.ubuntu.com/ubuntu-ports noble/universe arm64 node-require-directory all 2.1.1+~2.1.2-1 [7190 B]
#17 20.81 Get:295 http://ports.ubuntu.com/ubuntu-ports noble/universe arm64 node-y18n all 5.0.8+~5.0.0-3 [9390 B]
#17 20.81 Get:296 http://ports.ubuntu.com/ubuntu-ports noble/universe arm64 node-camelcase all 7.0.0-3 [6104 B]
#17 20.83 Get:297 http://ports.ubuntu.com/ubuntu-ports noble/universe arm64 node-yargs-parser all 21.1.1+~21.0.0-4 [23.6 kB]
#17 20.84 Get:298 http://ports.ubuntu.com/ubuntu-ports noble/universe arm64 node-yargs all 16.2.0+~16.0.4-7 [123 kB]
#17 20.85 Get:299 http://ports.ubuntu.com/ubuntu-ports noble/universe arm64 node-istanbul all 0.4.5+repack10+~cs98.25.59-2 [211 kB]
#17 20.87 Get:300 http://ports.ubuntu.com/ubuntu-ports noble/universe arm64 node-through all 2.3.8+~cs0.0.30-1 [5496 B]
#17 20.87 Get:301 http://ports.ubuntu.com/ubuntu-ports noble/universe arm64 node-resumer all 0.0.0-6 [4054 B]
#17 20.91 Get:302 http://ports.ubuntu.com/ubuntu-ports noble/universe arm64 node-tape all 5.6.1+~cs8.20.19-1 [31.3 kB]
#17 20.92 Get:303 http://ports.ubuntu.com/ubuntu-ports noble/universe arm64 node-deep-equal all 2.2.3+~cs43.15.94-1 [39.6 kB]
#17 21.13 Get:304 http://ports.ubuntu.com/ubuntu-ports noble/universe arm64 libjs-util all 0.12.5+~1.0.10-1 [15.4 kB]
#17 21.34 Get:305 http://ports.ubuntu.com/ubuntu-ports noble-updates/main arm64 libssl-dev arm64 3.0.13-0ubuntu3.6 [2338 kB]
#17 22.45 Get:306 http://ports.ubuntu.com/ubuntu-ports noble/main arm64 libuv1-dev arm64 1.48.0-1.1build1 [137 kB]
#17 22.46 Get:307 http://ports.ubuntu.com/ubuntu-ports noble/universe arm64 libnode-dev arm64 18.19.1+dfsg-6ubuntu5 [501 kB]
#17 22.48 Get:308 http://ports.ubuntu.com/ubuntu-ports noble/universe arm64 node-agent-base all 7.1.0~0~2023071921-5 [9738 B]
#17 22.48 Get:309 http://ports.ubuntu.com/ubuntu-ports noble/universe arm64 node-ajv-keywords all 5.1.0-4 [33.1 kB]
#17 22.48 Get:310 http://ports.ubuntu.com/ubuntu-ports noble/universe arm64 node-ansi-escapes all 5.0.0+really.4.3.1-1 [9070 B]
#17 22.48 Get:311 http://ports.ubuntu.com/ubuntu-ports noble/universe arm64 node-aproba all 2.0.0-3 [5698 B]
#17 22.48 Get:312 http://ports.ubuntu.com/ubuntu-ports noble/universe arm64 node-delegates all 1.0.0-3 [4280 B]
#17 22.48 Get:313 http://ports.ubuntu.com/ubuntu-ports noble/universe arm64 node-are-we-there-yet all 3.0.1+~1.1.0-1 [9066 B]
#17 22.48 Get:314 http://ports.ubuntu.com/ubuntu-ports noble/universe arm64 node-async-each all 1.0.3-3 [4174 B]
#17 22.56 Get:315 http://ports.ubuntu.com/ubuntu-ports noble/universe arm64 node-babel-plugin-lodash all 3.3.4+~cs2.0.1-7 [11.3 kB]
#17 22.60 Get:316 http://ports.ubuntu.com/ubuntu-ports noble/universe arm64 node-base64-js all 1.5.1+dfsg+~1.3.0-2 [7236 B]
#17 22.60 Get:317 http://ports.ubuntu.com/ubuntu-ports noble/universe arm64 node-binary-extensions all 2.2.0-2 [4488 B]
#17 22.60 Get:318 http://ports.ubuntu.com/ubuntu-ports noble/universe arm64 node-builtins all 5.0.1-1 [4082 B]
#17 22.67 Get:319 http://ports.ubuntu.com/ubuntu-ports noble/universe arm64 node-chownr all 2.0.0-2 [4446 B]
#17 22.67 Get:320 http://ports.ubuntu.com/ubuntu-ports noble/universe arm64 node-iconv-lite all 0.6.3-3 [158 kB]
#17 22.68 Get:321 http://ports.ubuntu.com/ubuntu-ports noble/universe arm64 node-encoding all 0.1.13-2 [4366 B]
#17 22.68 Get:322 http://ports.ubuntu.com/ubuntu-ports noble/universe arm64 node-jsonparse all 1.3.1-10 [8060 B]
#17 22.68 Get:323 http://ports.ubuntu.com/ubuntu-ports noble/universe arm64 node-minipass all 3.3.6+~cs9.4.19-1 [42.3 kB]
#17 22.69 Get:324 http://ports.ubuntu.com/ubuntu-ports noble/universe arm64 node-iferr all 1.0.2+~1.0.2-1 [4610 B]
#17 22.70 Get:325 http://ports.ubuntu.com/ubuntu-ports noble/universe arm64 node-fs-write-stream-atomic all 1.0.10-6 [5362 B]
#17 22.77 Get:326 http://ports.ubuntu.com/ubuntu-ports noble/universe arm64 node-run-queue all 2.0.0-3 [5086 B]
#17 22.77 Get:327 http://ports.ubuntu.com/ubuntu-ports noble/universe arm64 node-copy-concurrently all 1.0.5-9 [7200 B]
#17 22.77 Get:328 http://ports.ubuntu.com/ubuntu-ports noble/universe arm64 node-move-concurrently all 1.0.1-5 [5182 B]
#17 22.78 Get:329 http://ports.ubuntu.com/ubuntu-ports noble/universe arm64 node-promise-inflight all 1.0.1+~1.0.0-1 [4896 B]
#17 22.79 Get:330 http://ports.ubuntu.com/ubuntu-ports noble/universe arm64 node-ssri all 9.0.1-2 [14.7 kB]
#17 22.79 Get:331 http://ports.ubuntu.com/ubuntu-ports noble/universe arm64 node-unique-filename all 1.1.1+ds-2 [3914 B]
#17 22.79 Get:332 http://ports.ubuntu.com/ubuntu-ports noble/universe arm64 node-cacache all 17.0.3+~cs10.3.7-1 [33.9 kB]
#17 22.80 Get:333 http://ports.ubuntu.com/ubuntu-ports noble/universe arm64 node-is-binary-path all 2.1.0-5 [3676 B]
#17 22.80 Get:334 http://ports.ubuntu.com/ubuntu-ports noble/universe arm64 node-path-is-absolute all 2.0.0-2 [4062 B]
#17 22.88 Get:335 http://ports.ubuntu.com/ubuntu-ports noble/universe arm64 node-set-immediate-shim all 2.0.0-2 [3696 B]
#17 22.89 Get:336 http://ports.ubuntu.com/ubuntu-ports noble/universe arm64 node-readdirp all 3.6.0-1 [11.8 kB]
#17 22.89 Get:337 http://ports.ubuntu.com/ubuntu-ports noble/universe arm64 node-chokidar all 3.6.0-2 [32.9 kB]
#17 22.90 Get:338 http://ports.ubuntu.com/ubuntu-ports noble/universe arm64 node-tslib all 2.4.1-1 [19.7 kB]
#17 22.90 Get:339 http://ports.ubuntu.com/ubuntu-ports noble/universe arm64 node-chrome-trace-event all 1.0.3-2 [6680 B]
#17 22.90 Get:340 http://ports.ubuntu.com/ubuntu-ports noble/universe arm64 node-ci-info all 4.0.0+~cs1.1.0-1build2 [11.2 kB]
#17 22.90 Get:341 http://ports.ubuntu.com/ubuntu-ports noble/universe arm64 node-colors all 1.4.0-4 [12.0 kB]
#17 22.90 Get:342 http://ports.ubuntu.com/ubuntu-ports noble/universe arm64 node-columnify all 1.6.0+~1.5.1-1 [12.7 kB]
#17 22.98 Get:343 http://ports.ubuntu.com/ubuntu-ports noble/universe arm64 node-console-control-strings all 1.1.0-3 [5616 B]
#17 22.98 Get:344 http://ports.ubuntu.com/ubuntu-ports noble/universe arm64 node-css-selector-tokenizer all 0.8.0+~cs4.8.3-1 [13.2 kB]
#17 22.99 Get:345 http://ports.ubuntu.com/ubuntu-ports noble/universe arm64 node-postcss all 8.4.31+~cs8.0.26-1 [180 kB]
#17 23.01 Get:346 http://ports.ubuntu.com/ubuntu-ports noble/universe arm64 node-icss-utils all 5.1.0+~5.1.0-1 [7176 B]
#17 23.02 Get:347 http://ports.ubuntu.com/ubuntu-ports noble/universe arm64 node-postcss-modules-extract-imports all 3.0.0-2 [6080 B]
#17 23.02 Get:348 http://ports.ubuntu.com/ubuntu-ports noble/universe arm64 node-postcss-modules-values all 4.0.0+~4.0.0-1 [6624 B]
#17 23.02 Get:349 http://ports.ubuntu.com/ubuntu-ports noble/universe arm64 node-postcss-value-parser all 4.2.0-1 [10.6 kB]
#17 23.02 Get:350 http://ports.ubuntu.com/ubuntu-ports noble/universe arm64 node-prr all 1.0.1-3 [4344 B]
#17 23.02 Get:351 http://ports.ubuntu.com/ubuntu-ports noble/universe arm64 node-errno all 1.0.0-3 [7962 B]
#17 23.08 Get:352 http://ports.ubuntu.com/ubuntu-ports noble/universe arm64 node-memory-fs all 0.5.0+~0.3.3-2 [7744 B]
#17 23.09 Get:353 http://ports.ubuntu.com/ubuntu-ports noble/universe arm64 node-tapable all 2.2.1-3 [13.8 kB]
#17 23.09 Get:354 http://ports.ubuntu.com/ubuntu-ports noble/universe arm64 node-enhanced-resolve all 5.15.0-1 [36.9 kB]
#17 23.19 Get:355 http://ports.ubuntu.com/ubuntu-ports noble/universe arm64 node-es-module-lexer all 1.1.0+dfsg-3 [20.7 kB]
#17 23.19 Get:356 http://ports.ubuntu.com/ubuntu-ports noble/universe arm64 node-events all 3.3.0+~3.0.0-3 [3084 B]
#17 23.19 Get:357 http://ports.ubuntu.com/ubuntu-ports noble/universe arm64 node-resolve-cwd all 3.0.0-2 [4216 B]
#17 23.21 Get:358 http://ports.ubuntu.com/ubuntu-ports noble/universe arm64 node-jest-debbundle all 29.6.2~ds1+~cs73.45.28-5 [55.4 kB]
#17 23.22 Get:359 http://ports.ubuntu.com/ubuntu-ports noble/universe arm64 node-interpret all 2.2.0-3 [6946 B]
#17 23.22 Get:360 http://ports.ubuntu.com/ubuntu-ports noble/universe arm64 node-merge-stream all 2.0.0+~1.1.2-2 [5178 B]
#17 23.22 Get:361 http://ports.ubuntu.com/ubuntu-ports noble/universe arm64 node-jest-worker all 29.6.2~ds1+~cs73.45.28-5 [42.4 kB]
#17 23.23 Get:362 http://ports.ubuntu.com/ubuntu-ports noble/universe arm64 node-loader-runner all 4.3.0-1 [7742 B]
#17 23.23 Get:363 http://ports.ubuntu.com/ubuntu-ports noble/universe arm64 node-mime all 3.0.0+dfsg+~cs6.97.2-1 [37.8 kB]
#17 23.29 Get:364 http://ports.ubuntu.com/ubuntu-ports noble/universe arm64 node-mime-types all 2.1.35-2 [6818 B]
#17 23.33 Get:365 http://ports.ubuntu.com/ubuntu-ports noble/universe arm64 node-rechoir all 0.8.0+~0.6.1-2 [6382 B]
#17 23.33 Get:366 http://ports.ubuntu.com/ubuntu-ports noble/universe arm64 node-schema-utils all 4.2.0~ds-3build3 [19.2 kB]
#17 23.34 Get:367 http://ports.ubuntu.com/ubuntu-ports noble/universe arm64 node-randombytes all 2.1.0+~2.0.0-2 [4812 B]
#17 23.34 Get:368 http://ports.ubuntu.com/ubuntu-ports noble/universe arm64 node-serialize-javascript all 6.0.1-1 [13.2 kB]
#17 23.35 Get:369 http://ports.ubuntu.com/ubuntu-ports noble/universe arm64 node-watchpack all 2.4.0+~cs2.8.1-1 [20.7 kB]
#17 23.35 Get:370 http://ports.ubuntu.com/ubuntu-ports noble/universe arm64 node-webassemblyjs all 1.11.4+dfsg+~cs10.11.17-2 [143 kB]
#17 23.37 Get:371 http://ports.ubuntu.com/ubuntu-ports noble/universe arm64 node-source-list-map all 2.0.1+dfsg+~0.1.2-1 [10.3 kB]
#17 23.39 Get:372 http://ports.ubuntu.com/ubuntu-ports noble/universe arm64 node-webpack-sources all 3.2.3+~3.2.0-2 [23.8 kB]
#17 23.39 Get:373 http://ports.ubuntu.com/ubuntu-ports noble/universe arm64 node-terser all 5.19.2-1 [202 kB]
#17 23.44 Get:374 http://ports.ubuntu.com/ubuntu-ports noble/universe arm64 terser all 5.19.2-1 [4266 B]
#17 23.46 Get:375 http://ports.ubuntu.com/ubuntu-ports noble/universe arm64 webpack all 5.76.1+dfsg1+~cs17.16.16-1 [726 kB]
#17 23.53 Get:376 http://ports.ubuntu.com/ubuntu-ports noble/universe arm64 node-css-loader all 6.8.1+~cs14.0.17-1 [64.0 kB]
#17 23.54 Get:377 http://ports.ubuntu.com/ubuntu-ports noble/universe arm64 node-data-uri-to-buffer all 5.0.1~0~2023071921-5 [6848 B]
#17 23.54 Get:378 http://ports.ubuntu.com/ubuntu-ports noble/universe arm64 node-mimic-response all 3.1.0-8 [5500 B]
#17 23.54 Get:379 http://ports.ubuntu.com/ubuntu-ports noble/universe arm64 node-decompress-response all 6.0.0-2 [4656 B]
#17 23.54 Get:380 http://ports.ubuntu.com/ubuntu-ports noble/universe arm64 node-diff all 5.0.0~dfsg+~5.0.1-4 [76.7 kB]
#17 23.55 Get:381 http://ports.ubuntu.com/ubuntu-ports noble/universe arm64 node-err-code all 2.0.3+dfsg-3 [4918 B]
#17 23.55 Get:382 http://ports.ubuntu.com/ubuntu-ports noble/universe arm64 node-time-stamp all 2.2.0-2 [6012 B]
#17 23.55 Get:383 http://ports.ubuntu.com/ubuntu-ports noble/universe arm64 node-fancy-log all 1.3.3+~cs1.3.1-2 [8102 B]
#17 23.57 Get:384 http://ports.ubuntu.com/ubuntu-ports noble/universe arm64 node-fetch all 3.3.2+~cs11.4.11-1 [559 kB]
#17 23.64 Get:385 http://ports.ubuntu.com/ubuntu-ports noble/universe arm64 node-has-unicode all 2.0.1-5 [3962 B]
#17 23.64 Get:386 http://ports.ubuntu.com/ubuntu-ports noble/universe arm64 node-wide-align all 1.1.3-4 [4228 B]
#17 23.65 Get:387 http://ports.ubuntu.com/ubuntu-ports noble/universe arm64 node-gauge all 4.0.4-2 [16.1 kB]
#17 23.65 Get:388 http://ports.ubuntu.com/ubuntu-ports noble/universe arm64 node-end-of-stream all 1.4.4+~1.4.1-1 [5340 B]
#17 23.65 Get:389 http://ports.ubuntu.com/ubuntu-ports noble/universe arm64 node-pump all 3.0.0-5 [5160 B]
#17 23.67 Get:390 http://ports.ubuntu.com/ubuntu-ports noble/universe arm64 node-get-stream all 6.0.1-1 [7324 B]
#17 23.67 Get:391 http://ports.ubuntu.com/ubuntu-ports noble/universe arm64 node-lowercase-keys all 2.0.0-2 [3754 B]
#17 23.67 Get:392 http://ports.ubuntu.com/ubuntu-ports noble/universe arm64 node-json-buffer all 3.0.1+~3.0.0-1 [4554 B]
#17 23.67 Get:393 http://ports.ubuntu.com/ubuntu-ports noble/universe arm64 node-p-cancelable all 2.1.1-1 [7358 B]
#17 23.74 Get:394 http://ports.ubuntu.com/ubuntu-ports noble/universe arm64 node-got all 11.8.5+~cs58.13.36-3 [122 kB]
#17 23.75 Get:395 http://ports.ubuntu.com/ubuntu-ports noble/universe arm64 node-http-proxy-agent all 7.0.0~0~2023071921-5 [8596 B]
#17 23.75 Get:396 http://ports.ubuntu.com/ubuntu-ports noble/universe arm64 node-https-proxy-agent all 7.0.1~0~2023071921-5 [11.3 kB]
#17 23.77 Get:397 http://ports.ubuntu.com/ubuntu-ports noble/universe arm64 node-ieee754 all 1.2.1-3 [5340 B]
#17 23.77 Get:398 http://ports.ubuntu.com/ubuntu-ports noble/universe arm64 node-ip all 2.0.0+~1.1.0-1ubuntu1 [8798 B]
#17 23.78 Get:399 http://ports.ubuntu.com/ubuntu-ports noble/universe arm64 node-ip-regex all 4.3.0+~4.1.1-1 [5254 B]
#17 23.85 Get:400 http://ports.ubuntu.com/ubuntu-ports noble/universe arm64 node-read-package-json all 5.0.2+~2.0.0-1 [10.8 kB]
#17 23.85 Get:401 http://ports.ubuntu.com/ubuntu-ports noble/universe arm64 node-npm-bundled all 2.0.1-2 [5924 B]
#17 23.85 Get:402 http://ports.ubuntu.com/ubuntu-ports noble/universe arm64 node-osenv all 0.1.5+~0.1.1-1 [5972 B]
#17 23.85 Get:403 http://ports.ubuntu.com/ubuntu-ports noble/universe arm64 node-validate-npm-package-name all 5.0.0+~4.0.0-1 [6492 B]
#17 23.86 Get:404 http://ports.ubuntu.com/ubuntu-ports noble/universe arm64 node-npm-package-arg all 10.0.0+~3.0.0-2 [9658 B]
#17 24.07 Get:405 http://ports.ubuntu.com/ubuntu-ports noble/universe arm64 node-retry all 0.13.1+~0.12.1-1 [11.5 kB]
#17 24.20 Get:406 http://ports.ubuntu.com/ubuntu-ports noble/universe arm64 node-promise-retry all 2.0.1-4 [5040 B]
#17 24.21 Get:407 http://ports.ubuntu.com/ubuntu-ports noble/universe arm64 node-mute-stream all 0.0.8+~0.0.1-3 [6282 B]
#17 24.23 Get:408 http://ports.ubuntu.com/ubuntu-ports noble/universe arm64 node-read all 1.0.7-5 [5426 B]
#17 24.24 Get:409 http://ports.ubuntu.com/ubuntu-ports noble/universe arm64 node-promzard all 0.3.0-2 [6888 B]
#17 24.25 Get:410 http://ports.ubuntu.com/ubuntu-ports noble/universe arm64 node-set-blocking all 2.0.0-2 [3766 B]
#17 24.30 Get:411 http://ports.ubuntu.com/ubuntu-ports noble/universe arm64 node-text-table all 0.2.0-4 [4762 B]
#17 24.32 Get:412 http://ports.ubuntu.com/ubuntu-ports noble-updates/main arm64 python3-setuptools all 68.1.2-2ubuntu1.2 [397 kB]
#17 24.67 Get:413 http://ports.ubuntu.com/ubuntu-ports noble/universe arm64 python3-wheel all 0.42.0-2 [53.1 kB]
#17 24.68 Get:414 http://ports.ubuntu.com/ubuntu-ports noble-updates/universe arm64 python3-pip all 24.0+dfsg-1ubuntu1.3 [1320 kB]
#17 24.88 Get:415 http://ports.ubuntu.com/ubuntu-ports noble-updates/main arm64 unzip arm64 6.0-28ubuntu4.1 [171 kB]
#17 24.90 Get:416 http://ports.ubuntu.com/ubuntu-ports noble-updates/universe arm64 gnupg2 all 2.4.4-2ubuntu17.3 [4748 B]
#17 24.90 Get:417 http://ports.ubuntu.com/ubuntu-ports noble/universe arm64 node-cli-table all 0.3.11+~cs0.13.4-3 [23.2 kB]
#17 24.90 Get:418 http://ports.ubuntu.com/ubuntu-ports noble/universe arm64 node-depd all 2.0.0-2 [10.5 kB]
#17 24.90 Get:419 http://ports.ubuntu.com/ubuntu-ports noble/universe arm64 node-npmlog all 7.0.1+~4.1.4-1 [9826 B]
#17 24.90 Get:420 http://ports.ubuntu.com/ubuntu-ports noble/universe arm64 node-tar all 6.1.13+~cs7.0.5-3 [51.1 kB]
#17 24.91 Get:421 http://ports.ubuntu.com/ubuntu-ports noble/universe arm64 node-gyp all 9.3.0-3 [36.1 kB]
#17 24.91 Get:422 http://ports.ubuntu.com/ubuntu-ports noble/universe arm64 node-ini all 3.0.1-2 [6480 B]
#17 24.91 Get:423 http://ports.ubuntu.com/ubuntu-ports noble/universe arm64 node-negotiator all 0.6.3+~0.6.1-1 [10.1 kB]
#17 24.99 Get:424 http://ports.ubuntu.com/ubuntu-ports noble/universe arm64 npm all 9.2.0~ds1-2 [631 kB]
#17 25.18 debconf: delaying package configuration, since apt-utils is not installed
#17 25.20 Fetched 65.5 MB in 16s (4154 kB/s)
#17 25.22 Selecting previously unselected package libpython3.12-minimal:arm64.
#17 25.22 (Reading database ... (Reading database ... 5%(Reading database ... 10%(Reading database ... 15%(Reading database ... 20%(Reading database ... 25%(Reading database ... 30%(Reading database ... 35%(Reading database ... 40%(Reading database ... 45%(Reading database ... 50%(Reading database ... 55%(Reading database ... 60%(Reading database ... 65%(Reading database ... 70%(Reading database ... 75%(Reading database ... 80%(Reading database ... 85%(Reading database ... 90%(Reading database ... 95%(Reading database ... 100%(Reading database ... 4376 files and directories currently installed.)
#17 25.22 Preparing to unpack .../libpython3.12-minimal_3.12.3-1ubuntu0.9_arm64.deb ...
#17 25.22 Unpacking libpython3.12-minimal:arm64 (3.12.3-1ubuntu0.9) ...
#17 25.28 Selecting previously unselected package libexpat1:arm64.
#17 25.28 Preparing to unpack .../libexpat1_2.6.1-2ubuntu0.3_arm64.deb ...
#17 25.29 Unpacking libexpat1:arm64 (2.6.1-2ubuntu0.3) ...
#17 25.30 Selecting previously unselected package python3.12-minimal.
#17 25.30 Preparing to unpack .../python3.12-minimal_3.12.3-1ubuntu0.9_arm64.deb ...
#17 25.31 Unpacking python3.12-minimal (3.12.3-1ubuntu0.9) ...
#17 25.36 Setting up libpython3.12-minimal:arm64 (3.12.3-1ubuntu0.9) ...
#17 25.36 Setting up libexpat1:arm64 (2.6.1-2ubuntu0.3) ...
#17 25.37 Setting up python3.12-minimal (3.12.3-1ubuntu0.9) ...
#17 25.78 Selecting previously unselected package python3-minimal.
#17 25.78 (Reading database ... (Reading database ... 5%(Reading database ... 10%(Reading database ... 15%(Reading database ... 20%(Reading database ... 25%(Reading database ... 30%(Reading database ... 35%(Reading database ... 40%(Reading database ... 45%(Reading database ... 50%(Reading database ... 55%(Reading database ... 60%(Reading database ... 65%(Reading database ... 70%(Reading database ... 75%(Reading database ... 80%(Reading database ... 85%(Reading database ... 90%(Reading database ... 95%(Reading database ... 100%(Reading database ... 4695 files and directories currently installed.)
#17 25.78 Preparing to unpack .../0-python3-minimal_3.12.3-0ubuntu2.1_arm64.deb ...
#17 25.78 Unpacking python3-minimal (3.12.3-0ubuntu2.1) ...
#17 25.79 Selecting previously unselected package media-types.
#17 25.79 Preparing to unpack .../1-media-types_10.1.0_all.deb ...
#17 25.80 Unpacking media-types (10.1.0) ...
#17 25.81 Selecting previously unselected package netbase.
#17 25.81 Preparing to unpack .../2-netbase_6.4_all.deb ...
#17 25.81 Unpacking netbase (6.4) ...
#17 25.83 Selecting previously unselected package tzdata.
#17 25.83 Preparing to unpack .../3-tzdata_2025b-0ubuntu0.24.04.1_all.deb ...
#17 25.83 Unpacking tzdata (2025b-0ubuntu0.24.04.1) ...
#17 25.88 Selecting previously unselected package readline-common.
#17 25.88 Preparing to unpack .../4-readline-common_8.2-4build1_all.deb ...
#17 25.88 Unpacking readline-common (8.2-4build1) ...
#17 25.90 Selecting previously unselected package libreadline8t64:arm64.
#17 25.90 Preparing to unpack .../5-libreadline8t64_8.2-4build1_arm64.deb ...
#17 25.90 Adding 'diversion of /lib/aarch64-linux-gnu/libhistory.so.8 to /lib/aarch64-linux-gnu/libhistory.so.8.usr-is-merged by libreadline8t64'
#17 25.90 Adding 'diversion of /lib/aarch64-linux-gnu/libhistory.so.8.2 to /lib/aarch64-linux-gnu/libhistory.so.8.2.usr-is-merged by libreadline8t64'
#17 25.91 Adding 'diversion of /lib/aarch64-linux-gnu/libreadline.so.8 to /lib/aarch64-linux-gnu/libreadline.so.8.usr-is-merged by libreadline8t64'
#17 25.91 Adding 'diversion of /lib/aarch64-linux-gnu/libreadline.so.8.2 to /lib/aarch64-linux-gnu/libreadline.so.8.2.usr-is-merged by libreadline8t64'
#17 25.91 Unpacking libreadline8t64:arm64 (8.2-4build1) ...
#17 25.94 Selecting previously unselected package libsqlite3-0:arm64.
#17 25.94 Preparing to unpack .../6-libsqlite3-0_3.45.1-1ubuntu2.5_arm64.deb ...
#17 25.94 Unpacking libsqlite3-0:arm64 (3.45.1-1ubuntu2.5) ...
#17 25.96 Selecting previously unselected package libpython3.12-stdlib:arm64.
#17 25.96 Preparing to unpack .../7-libpython3.12-stdlib_3.12.3-1ubuntu0.9_arm64.deb ...
#17 25.96 Unpacking libpython3.12-stdlib:arm64 (3.12.3-1ubuntu0.9) ...
#17 26.04 Selecting previously unselected package python3.12.
#17 26.04 Preparing to unpack .../8-python3.12_3.12.3-1ubuntu0.9_arm64.deb ...
#17 26.04 Unpacking python3.12 (3.12.3-1ubuntu0.9) ...
#17 26.06 Selecting previously unselected package libpython3-stdlib:arm64.
#17 26.06 Preparing to unpack .../9-libpython3-stdlib_3.12.3-0ubuntu2.1_arm64.deb ...
#17 26.06 Unpacking libpython3-stdlib:arm64 (3.12.3-0ubuntu2.1) ...
#17 26.08 Setting up python3-minimal (3.12.3-0ubuntu2.1) ...
#17 26.17 Selecting previously unselected package python3.
#17 26.17 (Reading database ... (Reading database ... 5%(Reading database ... 10%(Reading database ... 15%(Reading database ... 20%(Reading database ... 25%(Reading database ... 30%(Reading database ... 35%(Reading database ... 40%(Reading database ... 45%(Reading database ... 50%(Reading database ... 55%(Reading database ... 60%(Reading database ... 65%(Reading database ... 70%(Reading database ... 75%(Reading database ... 80%(Reading database ... 85%(Reading database ... 90%(Reading database ... 95%(Reading database ... 100%(Reading database ... 5701 files and directories currently installed.)
#17 26.18 Preparing to unpack .../0-python3_3.12.3-0ubuntu2.1_arm64.deb ...
#17 26.18 Unpacking python3 (3.12.3-0ubuntu2.1) ...
#17 26.20 Selecting previously unselected package perl-modules-5.38.
#17 26.20 Preparing to unpack .../1-perl-modules-5.38_5.38.2-3.2ubuntu0.2_all.deb ...
#17 26.20 Unpacking perl-modules-5.38 (5.38.2-3.2ubuntu0.2) ...
#17 26.38 Selecting previously unselected package libgdbm6t64:arm64.
#17 26.38 Preparing to unpack .../2-libgdbm6t64_1.23-5.1build1_arm64.deb ...
#17 26.38 Unpacking libgdbm6t64:arm64 (1.23-5.1build1) ...
#17 26.40 Selecting previously unselected package libgdbm-compat4t64:arm64.
#17 26.40 Preparing to unpack .../3-libgdbm-compat4t64_1.23-5.1build1_arm64.deb ...
#17 26.40 Unpacking libgdbm-compat4t64:arm64 (1.23-5.1build1) ...
#17 26.41 Selecting previously unselected package libperl5.38t64:arm64.
#17 26.41 Preparing to unpack .../4-libperl5.38t64_5.38.2-3.2ubuntu0.2_arm64.deb ...
#17 26.41 Unpacking libperl5.38t64:arm64 (5.38.2-3.2ubuntu0.2) ...
#17 26.56 Selecting previously unselected package perl.
#17 26.56 Preparing to unpack .../5-perl_5.38.2-3.2ubuntu0.2_arm64.deb ...
#17 26.57 Unpacking perl (5.38.2-3.2ubuntu0.2) ...
#17 26.59 Selecting previously unselected package adduser.
#17 26.59 Preparing to unpack .../6-adduser_3.137ubuntu1_all.deb ...
#17 26.59 Unpacking adduser (3.137ubuntu1) ...
#17 26.61 Setting up adduser (3.137ubuntu1) ...
#17 26.64 Selecting previously unselected package openssl.
#17 26.64 (Reading database ... (Reading database ... 5%(Reading database ... 10%(Reading database ... 15%(Reading database ... 20%(Reading database ... 25%(Reading database ... 30%(Reading database ... 35%(Reading database ... 40%(Reading database ... 45%(Reading database ... 50%(Reading database ... 55%(Reading database ... 60%(Reading database ... 65%(Reading database ... 70%(Reading database ... 75%(Reading database ... 80%(Reading database ... 85%(Reading database ... 90%(Reading database ... 95%(Reading database ... 100%(Reading database ... 7789 files and directories currently installed.)
#17 26.65 Preparing to unpack .../000-openssl_3.0.13-0ubuntu3.6_arm64.deb ...
#17 26.65 Unpacking openssl (3.0.13-0ubuntu3.6) ...
#17 26.67 Selecting previously unselected package ca-certificates.
#17 26.68 Preparing to unpack .../001-ca-certificates_20240203_all.deb ...
#17 26.68 Unpacking ca-certificates (20240203) ...
#17 26.71 Selecting previously unselected package libkrb5support0:arm64.
#17 26.71 Preparing to unpack .../002-libkrb5support0_1.20.1-6ubuntu2.6_arm64.deb ...
#17 26.71 Unpacking libkrb5support0:arm64 (1.20.1-6ubuntu2.6) ...
#17 26.73 Selecting previously unselected package libk5crypto3:arm64.
#17 26.73 Preparing to unpack .../003-libk5crypto3_1.20.1-6ubuntu2.6_arm64.deb ...
#17 26.73 Unpacking libk5crypto3:arm64 (1.20.1-6ubuntu2.6) ...
#17 26.74 Selecting previously unselected package libkeyutils1:arm64.
#17 26.75 Preparing to unpack .../004-libkeyutils1_1.6.3-3build1_arm64.deb ...
#17 26.75 Unpacking libkeyutils1:arm64 (1.6.3-3build1) ...
#17 26.76 Selecting previously unselected package libkrb5-3:arm64.
#17 26.76 Preparing to unpack .../005-libkrb5-3_1.20.1-6ubuntu2.6_arm64.deb ...
#17 26.76 Unpacking libkrb5-3:arm64 (1.20.1-6ubuntu2.6) ...
#17 26.78 Selecting previously unselected package libgssapi-krb5-2:arm64.
#17 26.78 Preparing to unpack .../006-libgssapi-krb5-2_1.20.1-6ubuntu2.6_arm64.deb ...
#17 26.79 Unpacking libgssapi-krb5-2:arm64 (1.20.1-6ubuntu2.6) ...
#17 26.80 Selecting previously unselected package libicu74:arm64.
#17 26.80 Preparing to unpack .../007-libicu74_74.2-1ubuntu3.1_arm64.deb ...
#17 26.80 Unpacking libicu74:arm64 (74.2-1ubuntu3.1) ...
#17 26.96 Selecting previously unselected package python3-pkg-resources.
#17 26.96 Preparing to unpack .../008-python3-pkg-resources_68.1.2-2ubuntu1.2_all.deb ...
#17 26.96 Unpacking python3-pkg-resources (68.1.2-2ubuntu1.2) ...
#17 26.98 Selecting previously unselected package libnghttp2-14:arm64.
#17 26.98 Preparing to unpack .../009-libnghttp2-14_1.59.0-1ubuntu0.2_arm64.deb ...
#17 26.98 Unpacking libnghttp2-14:arm64 (1.59.0-1ubuntu0.2) ...
#17 27.00 Selecting previously unselected package libpsl5t64:arm64.
#17 27.00 Preparing to unpack .../010-libpsl5t64_0.21.2-1.1build1_arm64.deb ...
#17 27.00 Unpacking libpsl5t64:arm64 (0.21.2-1.1build1) ...
#17 27.01 Selecting previously unselected package libuv1t64:arm64.
#17 27.01 Preparing to unpack .../011-libuv1t64_1.48.0-1.1build1_arm64.deb ...
#17 27.02 Unpacking libuv1t64:arm64 (1.48.0-1.1build1) ...
#17 27.03 Selecting previously unselected package wget.
#17 27.03 Preparing to unpack .../012-wget_1.21.4-1ubuntu4.1_arm64.deb ...
#17 27.03 Unpacking wget (1.21.4-1ubuntu4.1) ...
#17 27.05 Selecting previously unselected package libbrotli1:arm64.
#17 27.05 Preparing to unpack .../013-libbrotli1_1.1.0-2build2_arm64.deb ...
#17 27.05 Unpacking libbrotli1:arm64 (1.1.0-2build2) ...
#17 27.07 Selecting previously unselected package libsasl2-modules-db:arm64.
#17 27.07 Preparing to unpack .../014-libsasl2-modules-db_2.1.28+dfsg1-5ubuntu3.1_arm64.deb ...
#17 27.07 Unpacking libsasl2-modules-db:arm64 (2.1.28+dfsg1-5ubuntu3.1) ...
#17 27.09 Selecting previously unselected package libsasl2-2:arm64.
#17 27.09 Preparing to unpack .../015-libsasl2-2_2.1.28+dfsg1-5ubuntu3.1_arm64.deb ...
#17 27.09 Unpacking libsasl2-2:arm64 (2.1.28+dfsg1-5ubuntu3.1) ...
#17 27.10 Selecting previously unselected package libldap2:arm64.
#17 27.10 Preparing to unpack .../016-libldap2_2.6.7+dfsg-1~exp1ubuntu8.2_arm64.deb ...
#17 27.11 Unpacking libldap2:arm64 (2.6.7+dfsg-1~exp1ubuntu8.2) ...
#17 27.13 Selecting previously unselected package librtmp1:arm64.
#17 27.13 Preparing to unpack .../017-librtmp1_2.4+20151223.gitfa8646d.1-2build7_arm64.deb ...
#17 27.13 Unpacking librtmp1:arm64 (2.4+20151223.gitfa8646d.1-2build7) ...
#17 27.15 Selecting previously unselected package libssh-4:arm64.
#17 27.15 Preparing to unpack .../018-libssh-4_0.10.6-2ubuntu0.2_arm64.deb ...
#17 27.15 Unpacking libssh-4:arm64 (0.10.6-2ubuntu0.2) ...
#17 27.17 Selecting previously unselected package libcurl4t64:arm64.
#17 27.17 Preparing to unpack .../019-libcurl4t64_8.5.0-2ubuntu10.6_arm64.deb ...
#17 27.17 Unpacking libcurl4t64:arm64 (8.5.0-2ubuntu10.6) ...
#17 27.18 Selecting previously unselected package curl.
#17 27.18 Preparing to unpack .../020-curl_8.5.0-2ubuntu10.6_arm64.deb ...
#17 27.19 Unpacking curl (8.5.0-2ubuntu10.6) ...
#17 27.20 Selecting previously unselected package gpgconf.
#17 27.20 Preparing to unpack .../021-gpgconf_2.4.4-2ubuntu17.3_arm64.deb ...
#17 27.20 Unpacking gpgconf (2.4.4-2ubuntu17.3) ...
#17 27.22 Selecting previously unselected package libksba8:arm64.
#17 27.22 Preparing to unpack .../022-libksba8_1.6.6-1build1_arm64.deb ...
#17 27.22 Unpacking libksba8:arm64 (1.6.6-1build1) ...
#17 27.24 Selecting previously unselected package dirmngr.
#17 27.24 Preparing to unpack .../023-dirmngr_2.4.4-2ubuntu17.3_arm64.deb ...
#17 27.25 Unpacking dirmngr (2.4.4-2ubuntu17.3) ...
#17 27.27 Selecting previously unselected package node-fast-deep-equal.
#17 27.27 Preparing to unpack .../024-node-fast-deep-equal_3.1.3-3_all.deb ...
#17 27.27 Unpacking node-fast-deep-equal (3.1.3-3) ...
#17 27.28 Selecting previously unselected package node-json-schema-traverse.
#17 27.28 Preparing to unpack .../025-node-json-schema-traverse_1.0.0-3_all.deb ...
#17 27.29 Unpacking node-json-schema-traverse (1.0.0-3) ...
#17 27.30 Selecting previously unselected package node-jsonify.
#17 27.30 Preparing to unpack .../026-node-jsonify_0.0.1-1_all.deb ...
#17 27.30 Unpacking node-jsonify (0.0.1-1) ...
#17 27.31 Selecting previously unselected package node-json-stable-stringify.
#17 27.31 Preparing to unpack .../027-node-json-stable-stringify_1.0.2+repack1+~cs1.0.34-2_all.deb ...
#17 27.31 Unpacking node-json-stable-stringify (1.0.2+repack1+~cs1.0.34-2) ...
#17 27.33 Selecting previously unselected package node-punycode.
#17 27.33 Preparing to unpack .../028-node-punycode_2.2.3-2_all.deb ...
#17 27.33 Unpacking node-punycode (2.2.3-2) ...
#17 27.34 Selecting previously unselected package node-uri-js.
#17 27.34 Preparing to unpack .../029-node-uri-js_4.4.0+dfsg-8_all.deb ...
#17 27.34 Unpacking node-uri-js (4.4.0+dfsg-8) ...
#17 27.36 Selecting previously unselected package libcares2:arm64.
#17 27.36 Preparing to unpack .../030-libcares2_1.27.0-1.0ubuntu1_arm64.deb ...
#17 27.36 Unpacking libcares2:arm64 (1.27.0-1.0ubuntu1) ...
#17 27.38 Selecting previously unselected package node-xtend.
#17 27.38 Preparing to unpack .../031-node-xtend_4.0.2-3_all.deb ...
#17 27.38 Unpacking node-xtend (4.0.2-3) ...
#17 27.39 Selecting previously unselected package node-acorn.
#17 27.39 Preparing to unpack .../032-node-acorn_8.8.1+ds+~cs25.17.7-2_all.deb ...
#17 27.39 Unpacking node-acorn (8.8.1+ds+~cs25.17.7-2) ...
#17 27.42 Selecting previously unselected package node-cjs-module-lexer.
#17 27.42 Preparing to unpack .../033-node-cjs-module-lexer_1.2.3+dfsg-1_all.deb ...
#17 27.42 Unpacking node-cjs-module-lexer (1.2.3+dfsg-1) ...
#17 27.44 Selecting previously unselected package node-busboy.
#17 27.44 Preparing to unpack .../034-node-busboy_1.6.0+~cs2.6.0-2_all.deb ...
#17 27.44 Unpacking node-busboy (1.6.0+~cs2.6.0-2) ...
#17 27.45 Selecting previously unselected package node-undici.
#17 27.45 Preparing to unpack .../035-node-undici_5.26.3+dfsg1+~cs23.10.12-2_all.deb ...
#17 27.45 Unpacking node-undici (5.26.3+dfsg1+~cs23.10.12-2) ...
#17 27.48 Selecting previously unselected package libnode109:arm64.
#17 27.48 Preparing to unpack .../036-libnode109_18.19.1+dfsg-6ubuntu5_arm64.deb ...
#17 27.49 Unpacking libnode109:arm64 (18.19.1+dfsg-6ubuntu5) ...
#17 27.66 Selecting previously unselected package nodejs.
#17 27.66 Preparing to unpack .../037-nodejs_18.19.1+dfsg-6ubuntu5_arm64.deb ...
#17 27.66 Unpacking nodejs (18.19.1+dfsg-6ubuntu5) ...
#17 27.69 Selecting previously unselected package node-ajv.
#17 27.69 Preparing to unpack .../038-node-ajv_8.12.0~ds+~2.1.1-4_all.deb ...
#17 27.69 Unpacking node-ajv (8.12.0~ds+~2.1.1-4) ...
#17 27.75 Selecting previously unselected package libjs-inherits.
#17 27.75 Preparing to unpack .../039-libjs-inherits_2.0.4-6_all.deb ...
#17 27.75 Unpacking libjs-inherits (2.0.4-6) ...
#17 27.76 Selecting previously unselected package node-inherits.
#17 27.76 Preparing to unpack .../040-node-inherits_2.0.4-6_all.deb ...
#17 27.76 Unpacking node-inherits (2.0.4-6) ...
#17 27.78 Selecting previously unselected package node-core-util-is.
#17 27.78 Preparing to unpack .../041-node-core-util-is_1.0.3-1_all.deb ...
#17 27.78 Unpacking node-core-util-is (1.0.3-1) ...
#17 27.79 Selecting previously unselected package node-safe-buffer.
#17 27.80 Preparing to unpack .../042-node-safe-buffer_5.2.1+~cs2.1.2-3_all.deb ...
#17 27.80 Unpacking node-safe-buffer (5.2.1+~cs2.1.2-3) ...
#17 27.81 Selecting previously unselected package node-string-decoder.
#17 27.81 Preparing to unpack .../043-node-string-decoder_1.3.0-6_all.deb ...
#17 27.81 Unpacking node-string-decoder (1.3.0-6) ...
#17 27.82 Selecting previously unselected package node-process-nextick-args.
#17 27.82 Preparing to unpack .../044-node-process-nextick-args_2.0.1-3_all.deb ...
#17 27.83 Unpacking node-process-nextick-args (2.0.1-3) ...
#17 27.84 Selecting previously unselected package node-util-deprecate.
#17 27.84 Preparing to unpack .../045-node-util-deprecate_1.0.2-3_all.deb ...
#17 27.84 Unpacking node-util-deprecate (1.0.2-3) ...
#17 27.86 Selecting previously unselected package node-isarray.
#17 27.86 Preparing to unpack .../046-node-isarray_2.0.5-4_all.deb ...
#17 27.86 Unpacking node-isarray (2.0.5-4) ...
#17 27.87 Selecting previously unselected package node-readable-stream.
#17 27.87 Preparing to unpack .../047-node-readable-stream_3.6.0+~cs3.0.0-4build1_all.deb ...
#17 27.87 Unpacking node-readable-stream (3.6.0+~cs3.0.0-4build1) ...
#17 27.89 Selecting previously unselected package node-typedarray.
#17 27.89 Preparing to unpack .../048-node-typedarray_0.0.7-1_all.deb ...
#17 27.89 Unpacking node-typedarray (0.0.7-1) ...
#17 27.90 Selecting previously unselected package node-concat-stream.
#17 27.90 Preparing to unpack .../049-node-concat-stream_2.0.0+~2.0.0-2_all.deb ...
#17 27.91 Unpacking node-concat-stream (2.0.0+~2.0.0-2) ...
#17 27.92 Selecting previously unselected package node-ms.
#17 27.92 Preparing to unpack .../050-node-ms_2.1.3+~cs0.7.31-3_all.deb ...
#17 27.92 Unpacking node-ms (2.1.3+~cs0.7.31-3) ...
#17 27.94 Selecting previously unselected package node-debug.
#17 27.94 Preparing to unpack .../051-node-debug_4.3.4+~cs4.1.7-1_all.deb ...
#17 27.94 Unpacking node-debug (4.3.4+~cs4.1.7-1) ...
#17 27.95 Selecting previously unselected package node-esutils.
#17 27.95 Preparing to unpack .../052-node-esutils_2.0.3+~2.0.0-1_all.deb ...
#17 27.95 Unpacking node-esutils (2.0.3+~2.0.0-1) ...
#17 27.97 Selecting previously unselected package node-doctrine.
#17 27.97 Preparing to unpack .../053-node-doctrine_3.0.0-4_all.deb ...
#17 27.97 Unpacking node-doctrine (3.0.0-4) ...
#17 27.98 Selecting previously unselected package node-eslint-visitor-keys.
#17 27.99 Preparing to unpack .../054-node-eslint-visitor-keys_3.3.0+~1.0.0-1_all.deb ...
#17 27.99 Unpacking node-eslint-visitor-keys (3.3.0+~1.0.0-1) ...
#17 28.00 Selecting previously unselected package node-estraverse.
#17 28.00 Preparing to unpack .../055-node-estraverse_5.3.0+ds+~5.1.1-1_all.deb ...
#17 28.00 Unpacking node-estraverse (5.3.0+ds+~5.1.1-1) ...
#17 28.02 Selecting previously unselected package node-object-assign.
#17 28.02 Preparing to unpack .../056-node-object-assign_4.1.1-7_all.deb ...
#17 28.02 Unpacking node-object-assign (4.1.1-7) ...
#17 28.04 Selecting previously unselected package node-esrecurse.
#17 28.04 Preparing to unpack .../057-node-esrecurse_4.3.0-2_all.deb ...
#17 28.04 Unpacking node-esrecurse (4.3.0-2) ...
#17 28.05 Selecting previously unselected package node-eslint-scope.
#17 28.05 Preparing to unpack .../058-node-eslint-scope_7.1.1+~3.7.4-1_all.deb ...
#17 28.05 Unpacking node-eslint-scope (7.1.1+~3.7.4-1) ...
#17 28.07 Selecting previously unselected package node-espree.
#17 28.07 Preparing to unpack .../059-node-espree_9.4.1~dfsg-2_all.deb ...
#17 28.07 Unpacking node-espree (9.4.1~dfsg-2) ...
#17 28.09 Selecting previously unselected package node-esquery.
#17 28.09 Preparing to unpack .../060-node-esquery_1.4.2~ds-1_all.deb ...
#17 28.09 Unpacking node-esquery (1.4.2~ds-1) ...
#17 28.11 Selecting previously unselected package node-eslint-utils.
#17 28.11 Preparing to unpack .../061-node-eslint-utils_3.0.0-3_all.deb ...
#17 28.11 Unpacking node-eslint-utils (3.0.0-3) ...
#17 28.12 Selecting previously unselected package node-flatted.
#17 28.12 Preparing to unpack .../062-node-flatted_3.2.7~ds-1_all.deb ...
#17 28.13 Unpacking node-flatted (3.2.7~ds-1) ...
#17 28.14 Selecting previously unselected package node-fs.realpath.
#17 28.14 Preparing to unpack .../063-node-fs.realpath_1.0.0-3_all.deb ...
#17 28.14 Unpacking node-fs.realpath (1.0.0-3) ...
#17 28.16 Selecting previously unselected package node-wrappy.
#17 28.16 Preparing to unpack .../064-node-wrappy_1.0.2-3_all.deb ...
#17 28.16 Unpacking node-wrappy (1.0.2-3) ...
#17 28.17 Selecting previously unselected package node-once.
#17 28.17 Preparing to unpack .../065-node-once_1.4.1-1_all.deb ...
#17 28.17 Unpacking node-once (1.4.1-1) ...
#17 28.19 Selecting previously unselected package node-inflight.
#17 28.19 Preparing to unpack .../066-node-inflight_1.0.6-2_all.deb ...
#17 28.19 Unpacking node-inflight (1.0.6-2) ...
#17 28.20 Selecting previously unselected package node-balanced-match.
#17 28.20 Preparing to unpack .../067-node-balanced-match_2.0.0-1_all.deb ...
#17 28.21 Unpacking node-balanced-match (2.0.0-1) ...
#17 28.22 Selecting previously unselected package node-brace-expansion.
#17 28.22 Preparing to unpack .../068-node-brace-expansion_2.0.1+~1.1.0-1_all.deb ...
#17 28.22 Unpacking node-brace-expansion (2.0.1+~1.1.0-1) ...
#17 28.24 Selecting previously unselected package node-minimatch.
#17 28.24 Preparing to unpack .../069-node-minimatch_9.0.3-4build5_all.deb ...
#17 28.24 Unpacking node-minimatch (9.0.3-4build5) ...
#17 28.26 Selecting previously unselected package node-glob.
#17 28.26 Preparing to unpack .../070-node-glob_8.1.0+~cs8.5.15-1_all.deb ...
#17 28.26 Unpacking node-glob (8.1.0+~cs8.5.15-1) ...
#17 28.28 Selecting previously unselected package node-rimraf.
#17 28.28 Preparing to unpack .../071-node-rimraf_3.0.2-2_all.deb ...
#17 28.28 Unpacking node-rimraf (3.0.2-2) ...
#17 28.33 Selecting previously unselected package node-write.
#17 28.33 Preparing to unpack .../072-node-write_2.0.0~6.0.1+~3.0.4+~2.0.0+~1.0.0+~2.0.1-1_all.deb ...
#17 28.33 Unpacking node-write (2.0.0~6.0.1+~3.0.4+~2.0.0+~1.0.0+~2.0.1-1) ...
#17 28.34 Selecting previously unselected package node-flat-cache.
#17 28.34 Preparing to unpack .../073-node-flat-cache_3.0.4~6.0.1+~3.0.4+~2.0.0+~1.0.0+~2.0.1-1_all.deb ...
#17 28.35 Unpacking node-flat-cache (3.0.4~6.0.1+~3.0.4+~2.0.0+~1.0.0+~2.0.1-1) ...
#17 28.36 Selecting previously unselected package node-file-entry-cache.
#17 28.36 Preparing to unpack .../074-node-file-entry-cache_6.0.1+~3.0.4+~2.0.0+~1.0.0+~2.0.1-1_all.deb ...
#17 28.36 Unpacking node-file-entry-cache (6.0.1+~3.0.4+~2.0.0+~1.0.0+~2.0.1-1) ...
#17 28.38 Selecting previously unselected package node-functional-red-black-tree.
#17 28.38 Preparing to unpack .../075-node-functional-red-black-tree_1.0.1+20181105-7_all.deb ...
#17 28.38 Unpacking node-functional-red-black-tree (1.0.1+20181105-7) ...
#17 28.40 Selecting previously unselected package node-is-extglob.
#17 28.40 Preparing to unpack .../076-node-is-extglob_2.1.1-5_all.deb ...
#17 28.40 Unpacking node-is-extglob (2.1.1-5) ...
#17 28.41 Selecting previously unselected package node-is-glob.
#17 28.41 Preparing to unpack .../077-node-is-glob_4.0.3-2_all.deb ...
#17 28.41 Unpacking node-is-glob (4.0.3-2) ...
#17 28.43 Selecting previously unselected package node-path-dirname.
#17 28.43 Preparing to unpack .../078-node-path-dirname_1.0.2-2_all.deb ...
#17 28.43 Unpacking node-path-dirname (1.0.2-2) ...
#17 28.44 Selecting previously unselected package node-glob-parent.
#17 28.45 Preparing to unpack .../079-node-glob-parent_6.0.2+~5.1.1-2_all.deb ...
#17 28.45 Unpacking node-glob-parent (6.0.2+~5.1.1-2) ...
#17 28.46 Selecting previously unselected package node-globals.
#17 28.46 Preparing to unpack .../080-node-globals_13.23.0-1_all.deb ...
#17 28.46 Unpacking node-globals (13.23.0-1) ...
#17 28.48 Selecting previously unselected package node-resolve-from.
#17 28.48 Preparing to unpack .../081-node-resolve-from_5.0.0+~3.1.0+~3.3.0+~2.0.0-1_all.deb ...
#17 28.48 Unpacking node-resolve-from (5.0.0+~3.1.0+~3.3.0+~2.0.0-1) ...
#17 28.50 Selecting previously unselected package node-imurmurhash.
#17 28.50 Preparing to unpack .../082-node-imurmurhash_0.1.4+dfsg+~0.1.1-2_all.deb ...
#17 28.50 Unpacking node-imurmurhash (0.1.4+dfsg+~0.1.1-2) ...
#17 28.51 Selecting previously unselected package node-ignore.
#17 28.52 Preparing to unpack .../083-node-ignore_5.2.1-1_all.deb ...
#17 28.52 Unpacking node-ignore (5.2.1-1) ...
#17 28.54 Selecting previously unselected package node-prelude-ls.
#17 28.54 Preparing to unpack .../084-node-prelude-ls_1.2.1+dfsg-3_all.deb ...
#17 28.54 Unpacking node-prelude-ls (1.2.1+dfsg-3) ...
#17 28.55 Selecting previously unselected package node-type-check.
#17 28.55 Preparing to unpack .../085-node-type-check_0.4.0+dfsg-3_all.deb ...
#17 28.55 Unpacking node-type-check (0.4.0+dfsg-3) ...
#17 28.57 Selecting previously unselected package node-levn.
#17 28.57 Preparing to unpack .../086-node-levn_0.4.1+dfsg-2_all.deb ...
#17 28.57 Unpacking node-levn (0.4.1+dfsg-2) ...
#17 28.59 Selecting previously unselected package node-lodash.
#17 28.59 Preparing to unpack .../087-node-lodash_4.17.21+dfsg+~cs8.31.198.20210220-9_all.deb ...
#17 28.59 Unpacking node-lodash (4.17.21+dfsg+~cs8.31.198.20210220-9) ...
#17 28.80 Selecting previously unselected package node-memfs.
#17 28.81 Preparing to unpack .../088-node-memfs_3.4.12+~cs1.0.3-1_all.deb ...
#17 28.81 Unpacking node-memfs (3.4.12+~cs1.0.3-1) ...
#17 28.83 Selecting previously unselected package node-mkdirp.
#17 28.83 Preparing to unpack .../089-node-mkdirp_1.0.4+~1.0.2-4_all.deb ...
#17 28.83 Unpacking node-mkdirp (1.0.4+~1.0.2-4) ...
#17 28.84 Selecting previously unselected package node-deep-is.
#17 28.84 Preparing to unpack .../090-node-deep-is_0.1.4-1_all.deb ...
#17 28.84 Unpacking node-deep-is (0.1.4-1) ...
#17 28.86 Selecting previously unselected package node-fast-levenshtein.
#17 28.86 Preparing to unpack .../091-node-fast-levenshtein_2.0.6+ds-3_all.deb ...
#17 28.86 Unpacking node-fast-levenshtein (2.0.6+ds-3) ...
#17 28.87 Selecting previously unselected package node-optionator.
#17 28.87 Preparing to unpack .../092-node-optionator_0.9.1+dfsg+~cs1.2.3-1_all.deb ...
#17 28.87 Unpacking node-optionator (0.9.1+dfsg+~cs1.2.3-1) ...
#17 28.89 Selecting previously unselected package node-progress.
#17 28.89 Preparing to unpack .../093-node-progress_2.0.3-2_all.deb ...
#17 28.89 Unpacking node-progress (2.0.3-2) ...
#17 28.90 Selecting previously unselected package libjs-regenerate.
#17 28.90 Preparing to unpack .../094-libjs-regenerate_1.4.2-3_all.deb ...
#17 28.90 Unpacking libjs-regenerate (1.4.2-3) ...
#17 28.92 Selecting previously unselected package node-regenerate.
#17 28.92 Preparing to unpack .../095-node-regenerate_1.4.2-3_all.deb ...
#17 28.92 Unpacking node-regenerate (1.4.2-3) ...
#17 28.93 Selecting previously unselected package node-regenerate-unicode-properties.
#17 28.93 Preparing to unpack .../096-node-regenerate-unicode-properties_10.1.0+ds-1_all.deb ...
#17 28.94 Unpacking node-regenerate-unicode-properties (10.1.0+ds-1) ...
#17 28.98 Selecting previously unselected package node-regexpp.
#17 28.98 Preparing to unpack .../097-node-regexpp_3.2.0-5_all.deb ...
#17 28.98 Unpacking node-regexpp (3.2.0-5) ...
#17 29.00 Selecting previously unselected package node-yallist.
#17 29.00 Preparing to unpack .../098-node-yallist_4.0.0+~4.0.1-1_all.deb ...
#17 29.00 Unpacking node-yallist (4.0.0+~4.0.1-1) ...
#17 29.01 Selecting previously unselected package node-lru-cache.
#17 29.01 Preparing to unpack .../099-node-lru-cache_7.14.1-1_all.deb ...
#17 29.02 Unpacking node-lru-cache (7.14.1-1) ...
#17 29.03 Selecting previously unselected package node-semver.
#17 29.03 Preparing to unpack .../100-node-semver_7.5.4+~7.5.0-2_all.deb ...
#17 29.03 Unpacking node-semver (7.5.4+~7.5.0-2) ...
#17 29.05 Selecting previously unselected package node-strip-json-comments.
#17 29.05 Preparing to unpack .../101-node-strip-json-comments_4.0.0-4_all.deb ...
#17 29.05 Unpacking node-strip-json-comments (4.0.0-4) ...
#17 29.07 Selecting previously unselected package node-json-schema.
#17 29.07 Preparing to unpack .../102-node-json-schema_0.4.0+~7.0.11-1_all.deb ...
#17 29.07 Unpacking node-json-schema (0.4.0+~7.0.11-1) ...
#17 29.08 Selecting previously unselected package node-v8-compile-cache.
#17 29.08 Preparing to unpack .../103-node-v8-compile-cache_2.4.0-2_all.deb ...
#17 29.08 Unpacking node-v8-compile-cache (2.4.0-2) ...
#17 29.10 Selecting previously unselected package eslint.
#17 29.10 Preparing to unpack .../104-eslint_6.4.0~dfsg+~6.1.9-11build3_all.deb ...
#17 29.10 Unpacking eslint (6.4.0~dfsg+~6.1.9-11build3) ...
#17 29.15 Selecting previously unselected package libcurl3t64-gnutls:arm64.
#17 29.16 Preparing to unpack .../105-libcurl3t64-gnutls_8.5.0-2ubuntu10.6_arm64.deb ...
#17 29.16 Unpacking libcurl3t64-gnutls:arm64 (8.5.0-2ubuntu10.6) ...
#17 29.18 Selecting previously unselected package liberror-perl.
#17 29.18 Preparing to unpack .../106-liberror-perl_0.17029-2_all.deb ...
#17 29.18 Unpacking liberror-perl (0.17029-2) ...
#17 29.19 Selecting previously unselected package git-man.
#17 29.20 Preparing to unpack .../107-git-man_1%3a2.43.0-1ubuntu7.3_all.deb ...
#17 29.20 Unpacking git-man (1:2.43.0-1ubuntu7.3) ...
#17 29.22 Selecting previously unselected package git.
#17 29.22 Preparing to unpack .../108-git_1%3a2.43.0-1ubuntu7.3_arm64.deb ...
#17 29.23 Unpacking git (1:2.43.0-1ubuntu7.3) ...
#17 29.34 Selecting previously unselected package gnupg-utils.
#17 29.34 Preparing to unpack .../109-gnupg-utils_2.4.4-2ubuntu17.3_arm64.deb ...
#17 29.34 Unpacking gnupg-utils (2.4.4-2ubuntu17.3) ...
#17 29.36 Selecting previously unselected package gpg.
#17 29.36 Preparing to unpack .../110-gpg_2.4.4-2ubuntu17.3_arm64.deb ...
#17 29.36 Unpacking gpg (2.4.4-2ubuntu17.3) ...
#17 29.38 Selecting previously unselected package pinentry-curses.
#17 29.38 Preparing to unpack .../111-pinentry-curses_1.2.1-3ubuntu5_arm64.deb ...
#17 29.38 Unpacking pinentry-curses (1.2.1-3ubuntu5) ...
#17 29.40 Selecting previously unselected package gpg-agent.
#17 29.40 Preparing to unpack .../112-gpg-agent_2.4.4-2ubuntu17.3_arm64.deb ...
#17 29.40 Unpacking gpg-agent (2.4.4-2ubuntu17.3) ...
#17 29.42 Selecting previously unselected package gpgsm.
#17 29.42 Preparing to unpack .../113-gpgsm_2.4.4-2ubuntu17.3_arm64.deb ...
#17 29.42 Unpacking gpgsm (2.4.4-2ubuntu17.3) ...
#17 29.44 Selecting previously unselected package keyboxd.
#17 29.44 Preparing to unpack .../114-keyboxd_2.4.4-2ubuntu17.3_arm64.deb ...
#17 29.44 Unpacking keyboxd (2.4.4-2ubuntu17.3) ...
#17 29.45 Selecting previously unselected package gnupg.
#17 29.45 Preparing to unpack .../115-gnupg_2.4.4-2ubuntu17.3_all.deb ...
#17 29.45 Unpacking gnupg (2.4.4-2ubuntu17.3) ...
#17 29.47 Selecting previously unselected package python3-six.
#17 29.47 Preparing to unpack .../116-python3-six_1.16.0-4_all.deb ...
#17 29.47 Unpacking python3-six (1.16.0-4) ...
#17 29.49 Selecting previously unselected package gyp.
#17 29.49 Preparing to unpack .../117-gyp_0.1+20220404git9ecf45e-2_all.deb ...
#17 29.49 Unpacking gyp (0.1+20220404git9ecf45e-2) ...
#17 29.51 Selecting previously unselected package node-neo-async.
#17 29.51 Preparing to unpack .../118-node-neo-async_2.6.2+~cs3.0.0-3_all.deb ...
#17 29.51 Unpacking node-neo-async (2.6.2+~cs3.0.0-3) ...
#17 29.54 Selecting previously unselected package node-arrify.
#17 29.54 Preparing to unpack .../119-node-arrify_2.0.1-3_all.deb ...
#17 29.54 Unpacking node-arrify (2.0.1-3) ...
#17 29.56 Selecting previously unselected package node-is-plain-obj.
#17 29.56 Preparing to unpack .../120-node-is-plain-obj_3.0.0-2_all.deb ...
#17 29.57 Unpacking node-is-plain-obj (3.0.0-2) ...
#17 29.58 Selecting previously unselected package node-is-buffer.
#17 29.59 Preparing to unpack .../121-node-is-buffer_2.0.5-2_all.deb ...
#17 29.59 Unpacking node-is-buffer (2.0.5-2) ...
#17 29.60 Selecting previously unselected package node-kind-of.
#17 29.60 Preparing to unpack .../122-node-kind-of_6.0.3+dfsg-2_all.deb ...
#17 29.61 Unpacking node-kind-of (6.0.3+dfsg-2) ...
#17 29.62 Selecting previously unselected package node-minimist.
#17 29.62 Preparing to unpack .../123-node-minimist_1.2.8+~cs5.3.5-1_all.deb ...
#17 29.62 Unpacking node-minimist (1.2.8+~cs5.3.5-1) ...
#17 29.64 Selecting previously unselected package node-wordwrap.
#17 29.64 Preparing to unpack .../124-node-wordwrap_1.0.0-4_all.deb ...
#17 29.64 Unpacking node-wordwrap (1.0.0-4) ...
#17 29.65 Selecting previously unselected package node-optimist.
#17 29.65 Preparing to unpack .../125-node-optimist_0.6.1+~0.0.30-2_all.deb ...
#17 29.66 Unpacking node-optimist (0.6.1+~0.0.30-2) ...
#17 29.70 Selecting previously unselected package libjs-source-map.
#17 29.70 Preparing to unpack .../126-libjs-source-map_0.7.0++dfsg2+really.0.6.1-15_all.deb ...
#17 29.70 Unpacking libjs-source-map (0.7.0++dfsg2+really.0.6.1-15) ...
#17 29.72 Selecting previously unselected package node-source-map.
#17 29.72 Preparing to unpack .../127-node-source-map_0.7.0++dfsg2+really.0.6.1-15_all.deb ...
#17 29.73 Unpacking node-source-map (0.7.0++dfsg2+really.0.6.1-15) ...
#17 29.74 Selecting previously unselected package handlebars.
#17 29.74 Preparing to unpack .../128-handlebars_3%3a4.7.7+~4.1.0-1_all.deb ...
#17 29.74 Unpacking handlebars (3:4.7.7+~4.1.0-1) ...
#17 29.77 Selecting previously unselected package libonig5:arm64.
#17 29.77 Preparing to unpack .../129-libonig5_6.9.9-1build1_arm64.deb ...
#17 29.77 Unpacking libonig5:arm64 (6.9.9-1build1) ...
#17 29.79 Selecting previously unselected package libjq1:arm64.
#17 29.79 Preparing to unpack .../130-libjq1_1.7.1-3ubuntu0.24.04.1_arm64.deb ...
#17 29.79 Unpacking libjq1:arm64 (1.7.1-3ubuntu0.24.04.1) ...
#17 29.81 Selecting previously unselected package jq.
#17 29.81 Preparing to unpack .../131-jq_1.7.1-3ubuntu0.24.04.1_arm64.deb ...
#17 29.81 Unpacking jq (1.7.1-3ubuntu0.24.04.1) ...
#17 29.83 Selecting previously unselected package libjs-async.
#17 29.83 Preparing to unpack .../132-libjs-async_0.8.0-6_all.deb ...
#17 29.83 Unpacking libjs-async (0.8.0-6) ...
#17 29.85 Selecting previously unselected package libjs-events.
#17 29.85 Preparing to unpack .../133-libjs-events_3.3.0+~3.0.0-3_all.deb ...
#17 29.85 Unpacking libjs-events (3.3.0+~3.0.0-3) ...
#17 29.86 Selecting previously unselected package libjs-is-typedarray.
#17 29.86 Preparing to unpack .../134-libjs-is-typedarray_1.0.0-4_all.deb ...
#17 29.87 Unpacking libjs-is-typedarray (1.0.0-4) ...
#17 29.88 Selecting previously unselected package libjs-prettify.
#17 29.88 Preparing to unpack .../135-libjs-prettify_2015.12.04+dfsg-1.1_all.deb ...
#17 29.88 Unpacking libjs-prettify (2015.12.04+dfsg-1.1) ...
#17 29.90 Selecting previously unselected package libjs-sprintf-js.
#17 29.90 Preparing to unpack .../136-libjs-sprintf-js_1.1.2+ds1+~1.1.2-1_all.deb ...
#17 29.90 Unpacking libjs-sprintf-js (1.1.2+ds1+~1.1.2-1) ...
#17 29.92 Selecting previously unselected package libjs-typedarray-to-buffer.
#17 29.92 Preparing to unpack .../137-libjs-typedarray-to-buffer_4.0.0-2_all.deb ...
#17 29.92 Unpacking libjs-typedarray-to-buffer (4.0.0-2) ...
#17 29.93 Selecting previously unselected package node-lodash-packages.
#17 29.94 Preparing to unpack .../138-node-lodash-packages_4.17.21+dfsg+~cs8.31.198.20210220-9_all.deb ...
#17 29.94 Unpacking node-lodash-packages (4.17.21+dfsg+~cs8.31.198.20210220-9) ...
#17 30.14 Selecting previously unselected package node-function-bind.
#17 30.14 Preparing to unpack .../139-node-function-bind_1.1.2+~cs2.1.14-1_all.deb ...
#17 30.15 Unpacking node-function-bind (1.1.2+~cs2.1.14-1) ...
#17 30.16 Selecting previously unselected package node-object-inspect.
#17 30.16 Preparing to unpack .../140-node-object-inspect_1.12.2+~cs1.8.1-1_all.deb ...
#17 30.16 Unpacking node-object-inspect (1.12.2+~cs1.8.1-1) ...
#17 30.18 Selecting previously unselected package node-es-abstract.
#17 30.18 Preparing to unpack .../141-node-es-abstract_1.20.4+~cs26.27.47-1_all.deb ...
#17 30.18 Unpacking node-es-abstract (1.20.4+~cs26.27.47-1) ...
#17 30.37 Selecting previously unselected package node-resolve.
#17 30.37 Preparing to unpack .../142-node-resolve_1.22.8+~cs5.34.15-2_all.deb ...
#17 30.38 Unpacking node-resolve (1.22.8+~cs5.34.15-2) ...
#17 30.39 Selecting previously unselected package node-define-properties.
#17 30.39 Preparing to unpack .../143-node-define-properties_1.2.1+~cs2.2.3-1_all.deb ...
#17 30.40 Unpacking node-define-properties (1.2.1+~cs2.2.3-1) ...
#17 30.41 Selecting previously unselected package node-debbundle-es-to-primitive.
#17 30.41 Preparing to unpack .../144-node-debbundle-es-to-primitive_1.2.1+~cs9.7.25-2_all.deb ...
#17 30.41 Unpacking node-debbundle-es-to-primitive (1.2.1+~cs9.7.25-2) ...
#17 30.43 Selecting previously unselected package node-isobject.
#17 30.43 Preparing to unpack .../145-node-isobject_4.0.0-2_all.deb ...
#17 30.44 Unpacking node-isobject (4.0.0-2) ...
#17 30.45 Selecting previously unselected package node-is-descriptor.
#17 30.45 Preparing to unpack .../146-node-is-descriptor_3.0.0-2_all.deb ...
#17 30.45 Unpacking node-is-descriptor (3.0.0-2) ...
#17 30.46 Selecting previously unselected package node-define-property.
#17 30.46 Preparing to unpack .../147-node-define-property_2.0.2+really+2.0.2-3_all.deb ...
#17 30.47 Unpacking node-define-property (2.0.2+really+2.0.2-3) ...
#17 30.48 Selecting previously unselected package node-defined.
#17 30.48 Preparing to unpack .../148-node-defined_1.0.1+~1.0.0-1_all.deb ...
#17 30.48 Unpacking node-defined (1.0.1+~1.0.0-1) ...
#17 30.50 Selecting previously unselected package node-abbrev.
#17 30.50 Preparing to unpack .../149-node-abbrev_1.1.1+~1.1.2-1_all.deb ...
#17 30.50 Unpacking node-abbrev (1.1.1+~1.1.2-1) ...
#17 30.52 Selecting previously unselected package node-archy.
#17 30.52 Preparing to unpack .../150-node-archy_1.0.0-6_all.deb ...
#17 30.52 Unpacking node-archy (1.0.0-6) ...
#17 30.55 Selecting previously unselected package node-async.
#17 30.56 Preparing to unpack .../151-node-async_0.8.0-6_all.deb ...
#17 30.56 Unpacking node-async (0.8.0-6) ...
#17 30.59 Selecting previously unselected package node-convert-source-map.
#17 30.59 Preparing to unpack .../152-node-convert-source-map_1.9.0+~1.5.2-1_all.deb ...
#17 30.62 Unpacking node-convert-source-map (1.9.0+~1.5.2-1) ...
#17 30.64 Selecting previously unselected package node-decamelize.
#17 30.64 Preparing to unpack .../153-node-decamelize_4.0.0-2_all.deb ...
#17 30.64 Unpacking node-decamelize (4.0.0-2) ...
#17 30.66 Selecting previously unselected package node-es6-error.
#17 30.66 Preparing to unpack .../154-node-es6-error_4.1.1-5_all.deb ...
#17 30.66 Unpacking node-es6-error (4.1.1-5) ...
#17 30.68 Selecting previously unselected package node-esprima.
#17 30.68 Preparing to unpack .../155-node-esprima_4.0.1+ds+~4.0.3-2_all.deb ...
#17 30.69 Unpacking node-esprima (4.0.1+ds+~4.0.3-2) ...
#17 30.71 Selecting previously unselected package node-escodegen.
#17 30.71 Preparing to unpack .../156-node-escodegen_2.1.0+dfsg+~0.0.8-1_all.deb ...
#17 30.72 Unpacking node-escodegen (2.1.0+dfsg+~0.0.8-1) ...
#17 30.73 Selecting previously unselected package node-commondir.
#17 30.74 Preparing to unpack .../157-node-commondir_1.0.1+~1.0.0-1_all.deb ...
#17 30.74 Unpacking node-commondir (1.0.1+~1.0.0-1) ...
#17 30.75 Selecting previously unselected package node-is-number.
#17 30.75 Preparing to unpack .../158-node-is-number_7.0.0-4_all.deb ...
#17 30.75 Unpacking node-is-number (7.0.0-4) ...
#17 30.77 Selecting previously unselected package node-repeat-string.
#17 30.77 Preparing to unpack .../159-node-repeat-string_1.6.1+repack-1_all.deb ...
#17 30.77 Unpacking node-repeat-string (1.6.1+repack-1) ...
#17 30.79 Selecting previously unselected package node-to-regex-range.
#17 30.79 Preparing to unpack .../160-node-to-regex-range_5.0.1-4_all.deb ...
#17 30.79 Unpacking node-to-regex-range (5.0.1-4) ...
#17 30.81 Selecting previously unselected package node-fill-range.
#17 30.81 Preparing to unpack .../161-node-fill-range_7.0.1+~7.0.0-1_all.deb ...
#17 30.81 Unpacking node-fill-range (7.0.1+~7.0.0-1) ...
#17 30.82 Selecting previously unselected package node-braces.
#17 30.83 Preparing to unpack .../162-node-braces_3.0.2+~3.0.1-1_all.deb ...
#17 30.83 Unpacking node-braces (3.0.2+~3.0.1-1) ...
#17 30.84 Selecting previously unselected package node-normalize-path.
#17 30.84 Preparing to unpack .../163-node-normalize-path_3.0.0+~3.0.0-1_all.deb ...
#17 30.85 Unpacking node-normalize-path (3.0.0+~3.0.0-1) ...
#17 30.86 Selecting previously unselected package node-anymatch.
#17 30.87 Preparing to unpack .../164-node-anymatch_3.1.3+~cs4.6.1-2_all.deb ...
#17 30.87 Unpacking node-anymatch (3.1.3+~cs4.6.1-2) ...
#17 30.89 Selecting previously unselected package node-micromatch.
#17 30.89 Preparing to unpack .../165-node-micromatch_4.0.5+~4.0.2-1_all.deb ...
#17 30.89 Unpacking node-micromatch (4.0.5+~4.0.2-1) ...
#17 30.90 Selecting previously unselected package node-pify.
#17 30.91 Preparing to unpack .../166-node-pify_5.0.0+~cs5.0.1-1_all.deb ...
#17 30.91 Unpacking node-pify (5.0.0+~cs5.0.1-1) ...
#17 30.93 Selecting previously unselected package node-path-type.
#17 30.93 Preparing to unpack .../167-node-path-type_4.0.0-3_all.deb ...
#17 30.94 Unpacking node-path-type (4.0.0-3) ...
#17 30.95 Selecting previously unselected package node-n3.
#17 30.95 Preparing to unpack .../168-node-n3_1.16.3+~1.2.3+~1.10.4-1_all.deb ...
#17 30.95 Unpacking node-n3 (1.16.3+~1.2.3+~1.10.4-1) ...
#17 30.97 Selecting previously unselected package node-slash.
#17 30.97 Preparing to unpack .../169-node-slash_4.0.0-3_all.deb ...
#17 30.97 Unpacking node-slash (4.0.0-3) ...
#17 30.99 Selecting previously unselected package node-globby.
#17 30.99 Preparing to unpack .../170-node-globby_13.1.3+~cs16.25.40-2_all.deb ...
#17 30.99 Unpacking node-globby (13.1.3+~cs16.25.40-2) ...
#17 31.02 Selecting previously unselected package node-graceful-fs.
#17 31.02 Preparing to unpack .../171-node-graceful-fs_4.2.10-1_all.deb ...
#17 31.02 Unpacking node-graceful-fs (4.2.10-1) ...
#17 31.04 Selecting previously unselected package node-is-path-cwd.
#17 31.04 Preparing to unpack .../172-node-is-path-cwd_2.2.0-2_all.deb ...
#17 31.04 Unpacking node-is-path-cwd (2.2.0-2) ...
#17 31.06 Selecting previously unselected package node-path-is-inside.
#17 31.06 Preparing to unpack .../173-node-path-is-inside_1.0.2+~1.0.0-1_all.deb ...
#17 31.06 Unpacking node-path-is-inside (1.0.2+~1.0.0-1) ...
#17 31.07 Selecting previously unselected package node-is-path-inside.
#17 31.07 Preparing to unpack .../174-node-is-path-inside_3.0.3-2_all.deb ...
#17 31.07 Unpacking node-is-path-inside (3.0.3-2) ...
#17 31.09 Selecting previously unselected package node-escape-string-regexp.
#17 31.09 Preparing to unpack .../175-node-escape-string-regexp_4.0.0-2_all.deb ...
#17 31.09 Unpacking node-escape-string-regexp (4.0.0-2) ...
#17 31.11 Selecting previously unselected package node-indent-string.
#17 31.11 Preparing to unpack .../176-node-indent-string_4.0.0-2_all.deb ...
#17 31.11 Unpacking node-indent-string (4.0.0-2) ...
#17 31.12 Selecting previously unselected package node-p-map.
#17 31.12 Preparing to unpack .../177-node-p-map_4.0.0+~3.1.0+~3.0.1-1_all.deb ...
#17 31.12 Unpacking node-p-map (4.0.0+~3.1.0+~3.0.1-1) ...
#17 31.14 Selecting previously unselected package node-del.
#17 31.14 Preparing to unpack .../178-node-del_7.0.0-5_all.deb ...
#17 31.14 Unpacking node-del (7.0.0-5) ...
#17 31.16 Selecting previously unselected package node-make-dir.
#17 31.17 Preparing to unpack .../179-node-make-dir_3.1.0-3_all.deb ...
#17 31.17 Unpacking node-make-dir (3.1.0-3) ...
#17 31.18 Selecting previously unselected package node-p-limit.
#17 31.18 Preparing to unpack .../180-node-p-limit_4.0.0+~cs4.0.0-5_all.deb ...
#17 31.18 Unpacking node-p-limit (4.0.0+~cs4.0.0-5) ...
#17 31.20 Selecting previously unselected package node-p-locate.
#17 31.20 Preparing to unpack .../181-node-p-locate_6.0.0-12_all.deb ...
#17 31.20 Unpacking node-p-locate (6.0.0-12) ...
#17 31.22 Selecting previously unselected package node-locate-path.
#17 31.22 Preparing to unpack .../182-node-locate-path_7.1.1-2_all.deb ...
#17 31.22 Unpacking node-locate-path (7.1.1-2) ...
#17 31.24 Selecting previously unselected package node-path-exists.
#17 31.24 Preparing to unpack .../183-node-path-exists_5.0.0-8_all.deb ...
#17 31.25 Unpacking node-path-exists (5.0.0-8) ...
#17 31.27 Selecting previously unselected package node-find-up.
#17 31.27 Preparing to unpack .../184-node-find-up_6.3.0-7_all.deb ...
#17 31.28 Unpacking node-find-up (6.3.0-7) ...
#17 31.36 Selecting previously unselected package node-pkg-dir.
#17 31.36 Preparing to unpack .../185-node-pkg-dir_5.0.0-2_all.deb ...
#17 31.36 Unpacking node-pkg-dir (5.0.0-2) ...
#17 31.38 Selecting previously unselected package node-find-cache-dir.
#17 31.38 Preparing to unpack .../186-node-find-cache-dir_3.3.2+~3.2.1-1_all.deb ...
#17 31.39 Unpacking node-find-cache-dir (3.3.2+~3.2.1-1) ...
#17 31.40 Selecting previously unselected package node-signal-exit.
#17 31.41 Preparing to unpack .../187-node-signal-exit_4.1.0-6_all.deb ...
#17 31.41 Unpacking node-signal-exit (4.1.0-6) ...
#17 31.44 Selecting previously unselected package node-foreground-child.
#17 31.44 Preparing to unpack .../188-node-foreground-child_3.1.1-2_all.deb ...
#17 31.44 Unpacking node-foreground-child (3.1.1-2) ...
#17 31.48 Selecting previously unselected package node-is-stream.
#17 31.48 Preparing to unpack .../189-node-is-stream_3.0.0-4_all.deb ...
#17 31.49 Unpacking node-is-stream (3.0.0-4) ...
#17 31.52 Selecting previously unselected package node-is-windows.
#17 31.52 Preparing to unpack .../190-node-is-windows_1.0.2+~cs1.0.0-1_all.deb ...
#17 31.52 Unpacking node-is-windows (1.0.2+~cs1.0.0-1) ...
#17 31.54 Selecting previously unselected package node-ampproject-remapping.
#17 31.54 Preparing to unpack .../191-node-ampproject-remapping_2.2.0+~cs5.15.37-1_all.deb ...
#17 31.54 Unpacking node-ampproject-remapping (2.2.0+~cs5.15.37-1) ...
#17 31.57 Selecting previously unselected package node-sprintf-js.
#17 31.58 Preparing to unpack .../192-node-sprintf-js_1.1.2+ds1+~1.1.2-1_all.deb ...
#17 31.58 Unpacking node-sprintf-js (1.1.2+ds1+~1.1.2-1) ...
#17 31.60 Selecting previously unselected package node-argparse.
#17 31.60 Preparing to unpack .../193-node-argparse_2.0.1-2_all.deb ...
#17 31.61 Unpacking node-argparse (2.0.1-2) ...
#17 31.62 Selecting previously unselected package node-js-yaml.
#17 31.62 Preparing to unpack .../194-node-js-yaml_4.1.0+dfsg+~4.0.5-7_all.deb ...
#17 31.63 Unpacking node-js-yaml (4.1.0+dfsg+~4.0.5-7) ...
#17 31.65 Selecting previously unselected package node-nopt.
#17 31.65 Preparing to unpack .../195-node-nopt_5.0.0-4_all.deb ...
#17 31.65 Unpacking node-nopt (5.0.0-4) ...
#17 31.67 Selecting previously unselected package node-npm-run-path.
#17 31.67 Preparing to unpack .../196-node-npm-run-path_5.1.0+~4.0.0-8_all.deb ...
#17 31.67 Unpacking node-npm-run-path (5.1.0+~4.0.0-8) ...
#17 31.68 Selecting previously unselected package node-shebang-regex.
#17 31.69 Preparing to unpack .../197-node-shebang-regex_3.0.0-2_all.deb ...
#17 31.69 Unpacking node-shebang-regex (3.0.0-2) ...
#17 31.70 Selecting previously unselected package node-shebang-command.
#17 31.70 Preparing to unpack .../198-node-shebang-command_2.0.0-1_all.deb ...
#17 31.70 Unpacking node-shebang-command (2.0.0-1) ...
#17 31.72 Selecting previously unselected package node-strip-bom.
#17 31.72 Preparing to unpack .../199-node-strip-bom_4.0.0-2_all.deb ...
#17 31.72 Unpacking node-strip-bom (4.0.0-2) ...
#17 31.74 Selecting previously unselected package node-has-flag.
#17 31.74 Preparing to unpack .../200-node-has-flag_4.0.0-3_all.deb ...
#17 31.74 Unpacking node-has-flag (4.0.0-3) ...
#17 31.76 Selecting previously unselected package node-supports-color.
#17 31.76 Preparing to unpack .../201-node-supports-color_8.1.1+~8.1.1-1_all.deb ...
#17 31.76 Unpacking node-supports-color (8.1.1+~8.1.1-1) ...
#17 31.78 Selecting previously unselected package node-util.
#17 31.78 Preparing to unpack .../202-node-util_0.12.5+~1.0.10-1_all.deb ...
#17 31.78 Unpacking node-util (0.12.5+~1.0.10-1) ...
#17 31.80 Selecting previously unselected package node-assert.
#17 31.80 Preparing to unpack .../203-node-assert_2.0.0+~cs3.9.8-2_all.deb ...
#17 31.80 Unpacking node-assert (2.0.0+~cs3.9.8-2) ...
#17 31.82 Selecting previously unselected package node-babel-plugin-add-module-exports.
#17 31.82 Preparing to unpack .../204-node-babel-plugin-add-module-exports_1.0.4+dfsg1~cs5.8.0-4_all.deb ...
#17 31.82 Unpacking node-babel-plugin-add-module-exports (1.0.4+dfsg1~cs5.8.0-4) ...
#17 31.83 Selecting previously unselected package node-regenerator-runtime.
#17 31.83 Preparing to unpack .../205-node-regenerator-runtime_0.15.2+~0.10.8-1_all.deb ...
#17 31.83 Unpacking node-regenerator-runtime (0.15.2+~0.10.8-1) ...
#17 31.85 Selecting previously unselected package node-babel7-runtime.
#17 31.85 Preparing to unpack .../206-node-babel7-runtime_7.20.15+ds1+~cs214.269.168-6build1_all.deb ...
#17 31.85 Unpacking node-babel7-runtime (7.20.15+ds1+~cs214.269.168-6build1) ...
#17 31.88 Selecting previously unselected package node-babel-helper-define-polyfill-provider.
#17 31.88 Preparing to unpack .../207-node-babel-helper-define-polyfill-provider_0.3.3~0~20220913+ds1-1_all.deb ...
#17 31.88 Unpacking node-babel-helper-define-polyfill-provider (0.3.3~0~20220913+ds1-1) ...
#17 31.90 Selecting previously unselected package node-babel-plugin-polyfill-corejs2.
#17 31.90 Preparing to unpack .../208-node-babel-plugin-polyfill-corejs2_0.3.3~0~20220913+ds1-1_all.deb ...
#17 31.90 Unpacking node-babel-plugin-polyfill-corejs2 (0.3.3~0~20220913+ds1-1) ...
#17 31.92 Selecting previously unselected package node-caniuse-lite.
#17 31.92 Preparing to unpack .../209-node-caniuse-lite_1.0.30001571+dfsg+~1.0.5-1_all.deb ...
#17 31.92 Unpacking node-caniuse-lite (1.0.30001571+dfsg+~1.0.5-1) ...
#17 32.00 Selecting previously unselected package node-electron-to-chromium.
#17 32.00 Preparing to unpack .../210-node-electron-to-chromium_1.4.616-1_all.deb ...
#17 32.00 Unpacking node-electron-to-chromium (1.4.616-1) ...
#17 32.02 Selecting previously unselected package node-picocolors.
#17 32.02 Preparing to unpack .../211-node-picocolors_1.0.0-4_all.deb ...
#17 32.02 Unpacking node-picocolors (1.0.0-4) ...
#17 32.03 Selecting previously unselected package node-browserslist.
#17 32.04 Preparing to unpack .../212-node-browserslist_4.22.1+~cs6.1.28-1_all.deb ...
#17 32.04 Unpacking node-browserslist (4.22.1+~cs6.1.28-1) ...
#17 32.05 Selecting previously unselected package node-core-js-compat.
#17 32.06 Preparing to unpack .../213-node-core-js-compat_3.33.2-1build2_all.deb ...
#17 32.06 Unpacking node-core-js-compat (3.33.2-1build2) ...
#17 32.07 Selecting previously unselected package node-babel-plugin-polyfill-corejs3.
#17 32.07 Preparing to unpack .../214-node-babel-plugin-polyfill-corejs3_0.6.0~0~20220913+ds1-1_all.deb ...
#17 32.08 Unpacking node-babel-plugin-polyfill-corejs3 (0.6.0~0~20220913+ds1-1) ...
#17 32.09 Selecting previously unselected package node-babel-plugin-polyfill-regenerator.
#17 32.09 Preparing to unpack .../215-node-babel-plugin-polyfill-regenerator_0.4.1~0~20220913+ds1-1_all.deb ...
#17 32.09 Unpacking node-babel-plugin-polyfill-regenerator (0.4.1~0~20220913+ds1-1) ...
#17 32.11 Selecting previously unselected package node-color-name.
#17 32.11 Preparing to unpack .../216-node-color-name_1.1.4+~1.1.1-2_all.deb ...
#17 32.11 Unpacking node-color-name (1.1.4+~1.1.1-2) ...
#17 32.12 Selecting previously unselected package node-color-convert.
#17 32.12 Preparing to unpack .../217-node-color-convert_2.0.1+~cs2.0.0-2_all.deb ...
#17 32.12 Unpacking node-color-convert (2.0.1+~cs2.0.0-2) ...
#17 32.14 Selecting previously unselected package node-ansi-styles.
#17 32.14 Preparing to unpack .../218-node-ansi-styles_6.2.1-2_all.deb ...
#17 32.14 Unpacking node-ansi-styles (6.2.1-2) ...
#17 32.16 Selecting previously unselected package node-chalk.
#17 32.16 Preparing to unpack .../219-node-chalk_5.3.0-1build1_all.deb ...
#17 32.16 Unpacking node-chalk (5.3.0-1build1) ...
#17 32.17 Selecting previously unselected package node-for-in.
#17 32.18 Preparing to unpack .../220-node-for-in_1.0.2-4_all.deb ...
#17 32.18 Unpacking node-for-in (1.0.2-4) ...
#17 32.19 Selecting previously unselected package node-for-own.
#17 32.19 Preparing to unpack .../221-node-for-own_1.0.0-3_all.deb ...
#17 32.19 Unpacking node-for-own (1.0.0-3) ...
#17 32.21 Selecting previously unselected package node-is-plain-object.
#17 32.21 Preparing to unpack .../222-node-is-plain-object_5.0.0-7_all.deb ...
#17 32.21 Unpacking node-is-plain-object (5.0.0-7) ...
#17 32.22 Selecting previously unselected package node-is-extendable.
#17 32.22 Preparing to unpack .../223-node-is-extendable_1.0.1-3_all.deb ...
#17 32.22 Unpacking node-is-extendable (1.0.1-3) ...
#17 32.24 Selecting previously unselected package node-clone-deep.
#17 32.24 Preparing to unpack .../224-node-clone-deep_4.0.1+~cs7.0.2-1_all.deb ...
#17 32.24 Unpacking node-clone-deep (4.0.1+~cs7.0.2-1) ...
#17 32.26 Selecting previously unselected package node-commander.
#17 32.26 Preparing to unpack .../225-node-commander_9.4.1-1_all.deb ...
#17 32.26 Unpacking node-commander (9.4.1-1) ...
#17 32.28 Selecting previously unselected package node-core-js.
#17 32.28 Preparing to unpack .../226-node-core-js_3.33.2-1build2_all.deb ...
#17 32.28 Unpacking node-core-js (3.33.2-1build2) ...
#17 32.54 Selecting previously unselected package node-core-js-pure.
#17 32.54 Preparing to unpack .../227-node-core-js-pure_3.33.2-1build2_all.deb ...
#17 32.54 Unpacking node-core-js-pure (3.33.2-1build2) ...
#17 32.81 Selecting previously unselected package node-fs-readdir-recursive.
#17 32.82 Preparing to unpack .../228-node-fs-readdir-recursive_1.1.0+~1.1.0-1_all.deb ...
#17 32.82 Unpacking node-fs-readdir-recursive (1.1.0+~1.1.0-1) ...
#17 32.83 Selecting previously unselected package node-js-tokens.
#17 32.83 Preparing to unpack .../229-node-js-tokens_8.0.0-2_all.deb ...
#17 32.84 Unpacking node-js-tokens (8.0.0-2) ...
#17 32.85 Selecting previously unselected package node-jsesc.
#17 32.85 Preparing to unpack .../230-node-jsesc_3.0.2+~3.0.1-1_all.deb ...
#17 32.85 Unpacking node-jsesc (3.0.2+~3.0.1-1) ...
#17 32.87 Selecting previously unselected package node-json5.
#17 32.87 Preparing to unpack .../231-node-json5_2.2.3+dfsg-1build1_all.deb ...
#17 32.87 Unpacking node-json5 (2.2.3+dfsg-1build1) ...
#17 32.89 Selecting previously unselected package node-quick-lru.
#17 32.89 Preparing to unpack .../232-node-quick-lru_6.1.1-4_all.deb ...
#17 32.89 Unpacking node-quick-lru (6.1.1-4) ...
#17 32.90 Selecting previously unselected package node-regenerator-transform.
#17 32.91 Preparing to unpack .../233-node-regenerator-transform_0.15.2+~0.10.8-1_all.deb ...
#17 32.91 Unpacking node-regenerator-transform (0.15.2+~0.10.8-1) ...
#17 32.92 Selecting previously unselected package node-regjsgen.
#17 32.92 Preparing to unpack .../234-node-regjsgen_0.7.1+ds-1_all.deb ...
#17 32.92 Unpacking node-regjsgen (0.7.1+ds-1) ...
#17 32.94 Selecting previously unselected package node-regjsparser.
#17 32.94 Preparing to unpack .../235-node-regjsparser_0.9.1+ds-2_all.deb ...
#17 32.94 Unpacking node-regjsparser (0.9.1+ds-2) ...
#17 32.96 Selecting previously unselected package node-unicode-canonical-property-names-ecmascript.
#17 32.96 Preparing to unpack .../236-node-unicode-canonical-property-names-ecmascript_2.0.0-2_all.deb ...
#17 32.96 Unpacking node-unicode-canonical-property-names-ecmascript (2.0.0-2) ...
#17 32.97 Selecting previously unselected package node-unicode-property-aliases-ecmascript.
#17 32.97 Preparing to unpack .../237-node-unicode-property-aliases-ecmascript_2.1.0+ds-1_all.deb ...
#17 32.98 Unpacking node-unicode-property-aliases-ecmascript (2.1.0+ds-1) ...
#17 32.99 Selecting previously unselected package node-unicode-match-property-ecmascript.
#17 32.99 Preparing to unpack .../238-node-unicode-match-property-ecmascript_2.0.0-2_all.deb ...
#17 32.99 Unpacking node-unicode-match-property-ecmascript (2.0.0-2) ...
#17 33.01 Selecting previously unselected package node-unicode-match-property-value-ecmascript.
#17 33.01 Preparing to unpack .../239-node-unicode-match-property-value-ecmascript_2.1.0+ds-1_all.deb ...
#17 33.01 Unpacking node-unicode-match-property-value-ecmascript (2.1.0+ds-1) ...
#17 33.02 Selecting previously unselected package node-regexpu-core.
#17 33.03 Preparing to unpack .../240-node-regexpu-core_5.2.2-3_all.deb ...
#17 33.03 Unpacking node-regexpu-core (5.2.2-3) ...
#17 33.05 Selecting previously unselected package node-source-map-support.
#17 33.05 Preparing to unpack .../241-node-source-map-support_0.5.21+ds+~0.5.4-1_all.deb ...
#17 33.05 Unpacking node-source-map-support (0.5.21+ds+~0.5.4-1) ...
#17 33.07 Selecting previously unselected package node-to-fast-properties.
#17 33.07 Preparing to unpack .../242-node-to-fast-properties_3.0.1-3_all.deb ...
#17 33.07 Unpacking node-to-fast-properties (3.0.1-3) ...
#17 33.08 Selecting previously unselected package node-v8flags.
#17 33.09 Preparing to unpack .../243-node-v8flags_3.2.0+~3.1.1-1_all.deb ...
#17 33.09 Unpacking node-v8flags (3.2.0+~3.1.1-1) ...
#17 33.11 Selecting previously unselected package node-babel7.
#17 33.11 Preparing to unpack .../244-node-babel7_7.20.15+ds1+~cs214.269.168-6build1_all.deb ...
#17 33.11 Unpacking node-babel7 (7.20.15+ds1+~cs214.269.168-6build1) ...
#17 33.37 Selecting previously unselected package node-is-arrayish.
#17 33.38 Preparing to unpack .../245-node-is-arrayish_0.3.2-3_all.deb ...
#17 33.38 Unpacking node-is-arrayish (0.3.2-3) ...
#17 33.39 Selecting previously unselected package node-error-ex.
#17 33.39 Preparing to unpack .../246-node-error-ex_1.3.2-4_all.deb ...
#17 33.39 Unpacking node-error-ex (1.3.2-4) ...
#17 33.41 Selecting previously unselected package node-json-parse-better-errors.
#17 33.41 Preparing to unpack .../247-node-json-parse-better-errors_1.0.2+~cs3.3.1-2_all.deb ...
#17 33.41 Unpacking node-json-parse-better-errors (1.0.2+~cs3.3.1-2) ...
#17 33.43 Selecting previously unselected package node-parse-json.
#17 33.43 Preparing to unpack .../248-node-parse-json_5.2.0+~cs5.1.7-1_all.deb ...
#17 33.43 Unpacking node-parse-json (5.2.0+~cs5.1.7-1) ...
#17 33.44 Selecting previously unselected package node-hosted-git-info.
#17 33.45 Preparing to unpack .../249-node-hosted-git-info_6.1.1-2_all.deb ...
#17 33.45 Unpacking node-hosted-git-info (6.1.1-2) ...
#17 33.46 Selecting previously unselected package node-spdx-license-ids.
#17 33.46 Preparing to unpack .../250-node-spdx-license-ids_3.0.12-1_all.deb ...
#17 33.46 Unpacking node-spdx-license-ids (3.0.12-1) ...
#17 33.49 Selecting previously unselected package node-spdx-exceptions.
#17 33.49 Preparing to unpack .../251-node-spdx-exceptions_2.3.0-2_all.deb ...
#17 33.49 Unpacking node-spdx-exceptions (2.3.0-2) ...
#17 33.50 Selecting previously unselected package node-spdx-expression-parse.
#17 33.50 Preparing to unpack .../252-node-spdx-expression-parse_3.0.1+~3.0.1-1_all.deb ...
#17 33.51 Unpacking node-spdx-expression-parse (3.0.1+~3.0.1-1) ...
#17 33.52 Selecting previously unselected package node-spdx-correct.
#17 33.52 Preparing to unpack .../253-node-spdx-correct_3.1.1-2_all.deb ...
#17 33.52 Unpacking node-spdx-correct (3.1.1-2) ...
#17 33.54 Selecting previously unselected package node-validate-npm-package-license.
#17 33.54 Preparing to unpack .../254-node-validate-npm-package-license_3.0.4-2_all.deb ...
#17 33.54 Unpacking node-validate-npm-package-license (3.0.4-2) ...
#17 33.56 Selecting previously unselected package node-normalize-package-data.
#17 33.56 Preparing to unpack .../255-node-normalize-package-data_4.0.1+~2.4.1-1_all.deb ...
#17 33.56 Unpacking node-normalize-package-data (4.0.1+~2.4.1-1) ...
#17 33.57 Selecting previously unselected package node-read-pkg.
#17 33.58 Preparing to unpack .../256-node-read-pkg_5.2.0-2_all.deb ...
#17 33.58 Unpacking node-read-pkg (5.2.0-2) ...
#17 33.59 Selecting previously unselected package node-uuid.
#17 33.60 Preparing to unpack .../257-node-uuid_8.3.2+~8.3.3-4_all.deb ...
#17 33.60 Unpacking node-uuid (8.3.2+~8.3.3-4) ...
#17 33.62 Selecting previously unselected package node-isexe.
#17 33.62 Preparing to unpack .../258-node-isexe_2.0.0+~2.0.1-5_all.deb ...
#17 33.62 Unpacking node-isexe (2.0.0+~2.0.1-5) ...
#17 33.63 Selecting previously unselected package node-which.
#17 33.63 Preparing to unpack .../259-node-which_2.0.2+~cs1.3.2-3_all.deb ...
#17 33.63 Unpacking node-which (2.0.2+~cs1.3.2-3) ...
#17 33.65 Selecting previously unselected package node-is-typedarray.
#17 33.65 Preparing to unpack .../260-node-is-typedarray_1.0.0-4_all.deb ...
#17 33.65 Unpacking node-is-typedarray (1.0.0-4) ...
#17 33.67 Selecting previously unselected package node-typedarray-to-buffer.
#17 33.67 Preparing to unpack .../261-node-typedarray-to-buffer_4.0.0-2_all.deb ...
#17 33.67 Unpacking node-typedarray-to-buffer (4.0.0-2) ...
#17 33.68 Selecting previously unselected package node-write-file-atomic.
#17 33.68 Preparing to unpack .../262-node-write-file-atomic_4.0.2+~4.0.0-2_all.deb ...
#17 33.68 Unpacking node-write-file-atomic (4.0.2+~4.0.0-2) ...
#17 33.70 Selecting previously unselected package node-slice-ansi.
#17 33.70 Preparing to unpack .../263-node-slice-ansi_5.0.0+~cs9.0.0-5_all.deb ...
#17 33.70 Unpacking node-slice-ansi (5.0.0+~cs9.0.0-5) ...
#17 33.72 Selecting previously unselected package node-ansi-regex.
#17 33.72 Preparing to unpack .../264-node-ansi-regex_5.0.1-1_all.deb ...
#17 33.72 Unpacking node-ansi-regex (5.0.1-1) ...
#17 33.73 Selecting previously unselected package node-strip-ansi.
#17 33.74 Preparing to unpack .../265-node-strip-ansi_6.0.1-2_all.deb ...
#17 33.74 Unpacking node-strip-ansi (6.0.1-2) ...
#17 33.75 Selecting previously unselected package node-clone.
#17 33.75 Preparing to unpack .../266-node-clone_2.1.2+~2.1.2-1_all.deb ...
#17 33.75 Unpacking node-clone (2.1.2+~2.1.2-1) ...
#17 33.77 Selecting previously unselected package node-defaults.
#17 33.77 Preparing to unpack .../267-node-defaults_1.0.4+~1.0.3-1_all.deb ...
#17 33.77 Unpacking node-defaults (1.0.4+~1.0.3-1) ...
#17 33.79 Selecting previously unselected package node-wcwidth.js.
#17 33.79 Preparing to unpack .../268-node-wcwidth.js_1.0.2-2_all.deb ...
#17 33.79 Unpacking node-wcwidth.js (1.0.2-2) ...
#17 33.80 Selecting previously unselected package node-string-width.
#17 33.80 Preparing to unpack .../269-node-string-width_4.2.3+~cs13.2.3-1_all.deb ...
#17 33.81 Unpacking node-string-width (4.2.3+~cs13.2.3-1) ...
#17 33.82 Selecting previously unselected package node-wrap-ansi.
#17 33.82 Preparing to unpack .../270-node-wrap-ansi_8.0.1+~8.0.1-3_all.deb ...
#17 33.82 Unpacking node-wrap-ansi (8.0.1+~8.0.1-3) ...
#17 33.84 Selecting previously unselected package node-cliui.
#17 33.84 Preparing to unpack .../271-node-cliui_7.0.4+repack+~cs3.1.0-4_all.deb ...
#17 33.84 Unpacking node-cliui (7.0.4+repack+~cs3.1.0-4) ...
#17 33.86 Selecting previously unselected package node-get-caller-file.
#17 33.86 Preparing to unpack .../272-node-get-caller-file_2.0.5+~cs1.1.1-4_all.deb ...
#17 33.86 Unpacking node-get-caller-file (2.0.5+~cs1.1.1-4) ...
#17 33.88 Selecting previously unselected package node-require-directory.
#17 33.88 Preparing to unpack .../273-node-require-directory_2.1.1+~2.1.2-1_all.deb ...
#17 33.88 Unpacking node-require-directory (2.1.1+~2.1.2-1) ...
#17 33.89 Selecting previously unselected package node-y18n.
#17 33.89 Preparing to unpack .../274-node-y18n_5.0.8+~5.0.0-3_all.deb ...
#17 33.90 Unpacking node-y18n (5.0.8+~5.0.0-3) ...
#17 33.91 Selecting previously unselected package node-camelcase.
#17 33.91 Preparing to unpack .../275-node-camelcase_7.0.0-3_all.deb ...
#17 33.91 Unpacking node-camelcase (7.0.0-3) ...
#17 33.93 Selecting previously unselected package node-yargs-parser.
#17 33.93 Preparing to unpack .../276-node-yargs-parser_21.1.1+~21.0.0-4_all.deb ...
#17 33.93 Unpacking node-yargs-parser (21.1.1+~21.0.0-4) ...
#17 33.95 Selecting previously unselected package node-yargs.
#17 33.95 Preparing to unpack .../277-node-yargs_16.2.0+~16.0.4-7_all.deb ...
#17 33.95 Unpacking node-yargs (16.2.0+~16.0.4-7) ...
#17 33.97 Selecting previously unselected package node-istanbul.
#17 33.97 Preparing to unpack .../278-node-istanbul_0.4.5+repack10+~cs98.25.59-2_all.deb ...
#17 33.97 Unpacking node-istanbul (0.4.5+repack10+~cs98.25.59-2) ...
#17 34.02 Selecting previously unselected package node-through.
#17 34.02 Preparing to unpack .../279-node-through_2.3.8+~cs0.0.30-1_all.deb ...
#17 34.02 Unpacking node-through (2.3.8+~cs0.0.30-1) ...
#17 34.03 Selecting previously unselected package node-resumer.
#17 34.03 Preparing to unpack .../280-node-resumer_0.0.0-6_all.deb ...
#17 34.04 Unpacking node-resumer (0.0.0-6) ...
#17 34.05 Selecting previously unselected package node-tape.
#17 34.05 Preparing to unpack .../281-node-tape_5.6.1+~cs8.20.19-1_all.deb ...
#17 34.05 Unpacking node-tape (5.6.1+~cs8.20.19-1) ...
#17 34.07 Selecting previously unselected package node-deep-equal.
#17 34.07 Preparing to unpack .../282-node-deep-equal_2.2.3+~cs43.15.94-1_all.deb ...
#17 34.07 Unpacking node-deep-equal (2.2.3+~cs43.15.94-1) ...
#17 34.12 Selecting previously unselected package libjs-util.
#17 34.12 Preparing to unpack .../283-libjs-util_0.12.5+~1.0.10-1_all.deb ...
#17 34.12 Unpacking libjs-util (0.12.5+~1.0.10-1) ...
#17 34.14 Selecting previously unselected package libssl-dev:arm64.
#17 34.14 Preparing to unpack .../284-libssl-dev_3.0.13-0ubuntu3.6_arm64.deb ...
#17 34.14 Unpacking libssl-dev:arm64 (3.0.13-0ubuntu3.6) ...
#17 34.27 Selecting previously unselected package libuv1-dev:arm64.
#17 34.27 Preparing to unpack .../285-libuv1-dev_1.48.0-1.1build1_arm64.deb ...
#17 34.27 Unpacking libuv1-dev:arm64 (1.48.0-1.1build1) ...
#17 34.29 Selecting previously unselected package libnode-dev.
#17 34.29 Preparing to unpack .../286-libnode-dev_18.19.1+dfsg-6ubuntu5_arm64.deb ...
#17 34.29 Unpacking libnode-dev (18.19.1+dfsg-6ubuntu5) ...
#17 34.34 Selecting previously unselected package node-agent-base.
#17 34.34 Preparing to unpack .../287-node-agent-base_7.1.0~0~2023071921-5_all.deb ...
#17 34.34 Unpacking node-agent-base (7.1.0~0~2023071921-5) ...
#17 34.36 Selecting previously unselected package node-ajv-keywords.
#17 34.36 Preparing to unpack .../288-node-ajv-keywords_5.1.0-4_all.deb ...
#17 34.36 Unpacking node-ajv-keywords (5.1.0-4) ...
#17 34.39 Selecting previously unselected package node-ansi-escapes.
#17 34.39 Preparing to unpack .../289-node-ansi-escapes_5.0.0+really.4.3.1-1_all.deb ...
#17 34.39 Unpacking node-ansi-escapes (5.0.0+really.4.3.1-1) ...
#17 34.41 Selecting previously unselected package node-aproba.
#17 34.41 Preparing to unpack .../290-node-aproba_2.0.0-3_all.deb ...
#17 34.41 Unpacking node-aproba (2.0.0-3) ...
#17 34.42 Selecting previously unselected package node-delegates.
#17 34.42 Preparing to unpack .../291-node-delegates_1.0.0-3_all.deb ...
#17 34.43 Unpacking node-delegates (1.0.0-3) ...
#17 34.44 Selecting previously unselected package node-are-we-there-yet.
#17 34.44 Preparing to unpack .../292-node-are-we-there-yet_3.0.1+~1.1.0-1_all.deb ...
#17 34.44 Unpacking node-are-we-there-yet (3.0.1+~1.1.0-1) ...
#17 34.46 Selecting previously unselected package node-async-each.
#17 34.46 Preparing to unpack .../293-node-async-each_1.0.3-3_all.deb ...
#17 34.46 Unpacking node-async-each (1.0.3-3) ...
#17 34.48 Selecting previously unselected package node-babel-plugin-lodash.
#17 34.48 Preparing to unpack .../294-node-babel-plugin-lodash_3.3.4+~cs2.0.1-7_all.deb ...
#17 34.48 Unpacking node-babel-plugin-lodash (3.3.4+~cs2.0.1-7) ...
#17 34.49 Selecting previously unselected package node-base64-js.
#17 34.50 Preparing to unpack .../295-node-base64-js_1.5.1+dfsg+~1.3.0-2_all.deb ...
#17 34.50 Unpacking node-base64-js (1.5.1+dfsg+~1.3.0-2) ...
#17 34.51 Selecting previously unselected package node-binary-extensions.
#17 34.51 Preparing to unpack .../296-node-binary-extensions_2.2.0-2_all.deb ...
#17 34.51 Unpacking node-binary-extensions (2.2.0-2) ...
#17 34.53 Selecting previously unselected package node-builtins.
#17 34.53 Preparing to unpack .../297-node-builtins_5.0.1-1_all.deb ...
#17 34.53 Unpacking node-builtins (5.0.1-1) ...
#17 34.54 Selecting previously unselected package node-chownr.
#17 34.54 Preparing to unpack .../298-node-chownr_2.0.0-2_all.deb ...
#17 34.54 Unpacking node-chownr (2.0.0-2) ...
#17 34.56 Selecting previously unselected package node-iconv-lite.
#17 34.56 Preparing to unpack .../299-node-iconv-lite_0.6.3-3_all.deb ...
#17 34.56 Unpacking node-iconv-lite (0.6.3-3) ...
#17 34.58 Selecting previously unselected package node-encoding.
#17 34.58 Preparing to unpack .../300-node-encoding_0.1.13-2_all.deb ...
#17 34.58 Unpacking node-encoding (0.1.13-2) ...
#17 34.60 Selecting previously unselected package node-jsonparse.
#17 34.60 Preparing to unpack .../301-node-jsonparse_1.3.1-10_all.deb ...
#17 34.60 Unpacking node-jsonparse (1.3.1-10) ...
#17 34.61 Selecting previously unselected package node-minipass.
#17 34.61 Preparing to unpack .../302-node-minipass_3.3.6+~cs9.4.19-1_all.deb ...
#17 34.61 Unpacking node-minipass (3.3.6+~cs9.4.19-1) ...
#17 34.63 Selecting previously unselected package node-iferr.
#17 34.64 Preparing to unpack .../303-node-iferr_1.0.2+~1.0.2-1_all.deb ...
#17 34.64 Unpacking node-iferr (1.0.2+~1.0.2-1) ...
#17 34.65 Selecting previously unselected package node-fs-write-stream-atomic.
#17 34.65 Preparing to unpack .../304-node-fs-write-stream-atomic_1.0.10-6_all.deb ...
#17 34.65 Unpacking node-fs-write-stream-atomic (1.0.10-6) ...
#17 34.67 Selecting previously unselected package node-run-queue.
#17 34.67 Preparing to unpack .../305-node-run-queue_2.0.0-3_all.deb ...
#17 34.67 Unpacking node-run-queue (2.0.0-3) ...
#17 34.68 Selecting previously unselected package node-copy-concurrently.
#17 34.69 Preparing to unpack .../306-node-copy-concurrently_1.0.5-9_all.deb ...
#17 34.69 Unpacking node-copy-concurrently (1.0.5-9) ...
#17 34.70 Selecting previously unselected package node-move-concurrently.
#17 34.70 Preparing to unpack .../307-node-move-concurrently_1.0.1-5_all.deb ...
#17 34.70 Unpacking node-move-concurrently (1.0.1-5) ...
#17 34.72 Selecting previously unselected package node-promise-inflight.
#17 34.72 Preparing to unpack .../308-node-promise-inflight_1.0.1+~1.0.0-1_all.deb ...
#17 34.72 Unpacking node-promise-inflight (1.0.1+~1.0.0-1) ...
#17 34.74 Selecting previously unselected package node-ssri.
#17 34.74 Preparing to unpack .../309-node-ssri_9.0.1-2_all.deb ...
#17 34.74 Unpacking node-ssri (9.0.1-2) ...
#17 34.75 Selecting previously unselected package node-unique-filename.
#17 34.75 Preparing to unpack .../310-node-unique-filename_1.1.1+ds-2_all.deb ...
#17 34.75 Unpacking node-unique-filename (1.1.1+ds-2) ...
#17 34.77 Selecting previously unselected package node-cacache.
#17 34.77 Preparing to unpack .../311-node-cacache_17.0.3+~cs10.3.7-1_all.deb ...
#17 34.77 Unpacking node-cacache (17.0.3+~cs10.3.7-1) ...
#17 34.79 Selecting previously unselected package node-is-binary-path.
#17 34.79 Preparing to unpack .../312-node-is-binary-path_2.1.0-5_all.deb ...
#17 34.79 Unpacking node-is-binary-path (2.1.0-5) ...
#17 34.80 Selecting previously unselected package node-path-is-absolute.
#17 34.81 Preparing to unpack .../313-node-path-is-absolute_2.0.0-2_all.deb ...
#17 34.81 Unpacking node-path-is-absolute (2.0.0-2) ...
#17 34.82 Selecting previously unselected package node-set-immediate-shim.
#17 34.82 Preparing to unpack .../314-node-set-immediate-shim_2.0.0-2_all.deb ...
#17 34.82 Unpacking node-set-immediate-shim (2.0.0-2) ...
#17 34.84 Selecting previously unselected package node-readdirp.
#17 34.84 Preparing to unpack .../315-node-readdirp_3.6.0-1_all.deb ...
#17 34.84 Unpacking node-readdirp (3.6.0-1) ...
#17 34.86 Selecting previously unselected package node-chokidar.
#17 34.86 Preparing to unpack .../316-node-chokidar_3.6.0-2_all.deb ...
#17 34.86 Unpacking node-chokidar (3.6.0-2) ...
#17 34.87 Selecting previously unselected package node-tslib.
#17 34.88 Preparing to unpack .../317-node-tslib_2.4.1-1_all.deb ...
#17 34.88 Unpacking node-tslib (2.4.1-1) ...
#17 34.89 Selecting previously unselected package node-chrome-trace-event.
#17 34.89 Preparing to unpack .../318-node-chrome-trace-event_1.0.3-2_all.deb ...
#17 34.89 Unpacking node-chrome-trace-event (1.0.3-2) ...
#17 34.91 Selecting previously unselected package node-ci-info.
#17 34.91 Preparing to unpack .../319-node-ci-info_4.0.0+~cs1.1.0-1build2_all.deb ...
#17 34.91 Unpacking node-ci-info (4.0.0+~cs1.1.0-1build2) ...
#17 34.93 Selecting previously unselected package node-colors.
#17 34.93 Preparing to unpack .../320-node-colors_1.4.0-4_all.deb ...
#17 34.93 Unpacking node-colors (1.4.0-4) ...
#17 34.94 Selecting previously unselected package node-columnify.
#17 34.95 Preparing to unpack .../321-node-columnify_1.6.0+~1.5.1-1_all.deb ...
#17 34.95 Unpacking node-columnify (1.6.0+~1.5.1-1) ...
#17 34.96 Selecting previously unselected package node-console-control-strings.
#17 34.96 Preparing to unpack .../322-node-console-control-strings_1.1.0-3_all.deb ...
#17 34.97 Unpacking node-console-control-strings (1.1.0-3) ...
#17 34.98 Selecting previously unselected package node-css-selector-tokenizer.
#17 34.98 Preparing to unpack .../323-node-css-selector-tokenizer_0.8.0+~cs4.8.3-1_all.deb ...
#17 34.98 Unpacking node-css-selector-tokenizer (0.8.0+~cs4.8.3-1) ...
#17 35.00 Selecting previously unselected package node-postcss.
#17 35.00 Preparing to unpack .../324-node-postcss_8.4.31+~cs8.0.26-1_all.deb ...
#17 35.00 Unpacking node-postcss (8.4.31+~cs8.0.26-1) ...
#17 35.02 Selecting previously unselected package node-icss-utils.
#17 35.02 Preparing to unpack .../325-node-icss-utils_5.1.0+~5.1.0-1_all.deb ...
#17 35.03 Unpacking node-icss-utils (5.1.0+~5.1.0-1) ...
#17 35.04 Selecting previously unselected package node-postcss-modules-extract-imports.
#17 35.04 Preparing to unpack .../326-node-postcss-modules-extract-imports_3.0.0-2_all.deb ...
#17 35.04 Unpacking node-postcss-modules-extract-imports (3.0.0-2) ...
#17 35.06 Selecting previously unselected package node-postcss-modules-values.
#17 35.06 Preparing to unpack .../327-node-postcss-modules-values_4.0.0+~4.0.0-1_all.deb ...
#17 35.06 Unpacking node-postcss-modules-values (4.0.0+~4.0.0-1) ...
#17 35.07 Selecting previously unselected package node-postcss-value-parser.
#17 35.07 Preparing to unpack .../328-node-postcss-value-parser_4.2.0-1_all.deb ...
#17 35.08 Unpacking node-postcss-value-parser (4.2.0-1) ...
#17 35.09 Selecting previously unselected package node-prr.
#17 35.09 Preparing to unpack .../329-node-prr_1.0.1-3_all.deb ...
#17 35.09 Unpacking node-prr (1.0.1-3) ...
#17 35.11 Selecting previously unselected package node-errno.
#17 35.11 Preparing to unpack .../330-node-errno_1.0.0-3_all.deb ...
#17 35.11 Unpacking node-errno (1.0.0-3) ...
#17 35.13 Selecting previously unselected package node-memory-fs.
#17 35.13 Preparing to unpack .../331-node-memory-fs_0.5.0+~0.3.3-2_all.deb ...
#17 35.13 Unpacking node-memory-fs (0.5.0+~0.3.3-2) ...
#17 35.14 Selecting previously unselected package node-tapable.
#17 35.15 Preparing to unpack .../332-node-tapable_2.2.1-3_all.deb ...
#17 35.15 Unpacking node-tapable (2.2.1-3) ...
#17 35.16 Selecting previously unselected package node-enhanced-resolve.
#17 35.16 Preparing to unpack .../333-node-enhanced-resolve_5.15.0-1_all.deb ...
#17 35.16 Unpacking node-enhanced-resolve (5.15.0-1) ...
#17 35.18 Selecting previously unselected package node-es-module-lexer.
#17 35.18 Preparing to unpack .../334-node-es-module-lexer_1.1.0+dfsg-3_all.deb ...
#17 35.18 Unpacking node-es-module-lexer (1.1.0+dfsg-3) ...
#17 35.21 Selecting previously unselected package node-events.
#17 35.21 Preparing to unpack .../335-node-events_3.3.0+~3.0.0-3_all.deb ...
#17 35.21 Unpacking node-events (3.3.0+~3.0.0-3) ...
#17 35.23 Selecting previously unselected package node-resolve-cwd.
#17 35.23 Preparing to unpack .../336-node-resolve-cwd_3.0.0-2_all.deb ...
#17 35.23 Unpacking node-resolve-cwd (3.0.0-2) ...
#17 35.24 Selecting previously unselected package node-jest-debbundle.
#17 35.24 Preparing to unpack .../337-node-jest-debbundle_29.6.2~ds1+~cs73.45.28-5_all.deb ...
#17 35.25 Unpacking node-jest-debbundle (29.6.2~ds1+~cs73.45.28-5) ...
#17 35.27 Selecting previously unselected package node-interpret.
#17 35.27 Preparing to unpack .../338-node-interpret_2.2.0-3_all.deb ...
#17 35.27 Unpacking node-interpret (2.2.0-3) ...
#17 35.29 Selecting previously unselected package node-merge-stream.
#17 35.29 Preparing to unpack .../339-node-merge-stream_2.0.0+~1.1.2-2_all.deb ...
#17 35.29 Unpacking node-merge-stream (2.0.0+~1.1.2-2) ...
#17 35.30 Selecting previously unselected package node-jest-worker.
#17 35.31 Preparing to unpack .../340-node-jest-worker_29.6.2~ds1+~cs73.45.28-5_all.deb ...
#17 35.31 Unpacking node-jest-worker (29.6.2~ds1+~cs73.45.28-5) ...
#17 35.33 Selecting previously unselected package node-loader-runner.
#17 35.33 Preparing to unpack .../341-node-loader-runner_4.3.0-1_all.deb ...
#17 35.33 Unpacking node-loader-runner (4.3.0-1) ...
#17 35.35 Selecting previously unselected package node-mime.
#17 35.35 Preparing to unpack .../342-node-mime_3.0.0+dfsg+~cs6.97.2-1_all.deb ...
#17 35.36 Unpacking node-mime (3.0.0+dfsg+~cs6.97.2-1) ...
#17 35.39 Selecting previously unselected package node-mime-types.
#17 35.39 Preparing to unpack .../343-node-mime-types_2.1.35-2_all.deb ...
#17 35.39 Unpacking node-mime-types (2.1.35-2) ...
#17 35.41 Selecting previously unselected package node-rechoir.
#17 35.42 Preparing to unpack .../344-node-rechoir_0.8.0+~0.6.1-2_all.deb ...
#17 35.42 Unpacking node-rechoir (0.8.0+~0.6.1-2) ...
#17 35.43 Selecting previously unselected package node-schema-utils.
#17 35.43 Preparing to unpack .../345-node-schema-utils_4.2.0~ds-3build3_all.deb ...
#17 35.43 Unpacking node-schema-utils (4.2.0~ds-3build3) ...
#17 35.45 Selecting previously unselected package node-randombytes.
#17 35.45 Preparing to unpack .../346-node-randombytes_2.1.0+~2.0.0-2_all.deb ...
#17 35.45 Unpacking node-randombytes (2.1.0+~2.0.0-2) ...
#17 35.47 Selecting previously unselected package node-serialize-javascript.
#17 35.47 Preparing to unpack .../347-node-serialize-javascript_6.0.1-1_all.deb ...
#17 35.47 Unpacking node-serialize-javascript (6.0.1-1) ...
#17 35.49 Selecting previously unselected package node-watchpack.
#17 35.49 Preparing to unpack .../348-node-watchpack_2.4.0+~cs2.8.1-1_all.deb ...
#17 35.49 Unpacking node-watchpack (2.4.0+~cs2.8.1-1) ...
#17 35.51 Selecting previously unselected package node-webassemblyjs.
#17 35.51 Preparing to unpack .../349-node-webassemblyjs_1.11.4+dfsg+~cs10.11.17-2_all.deb ...
#17 35.51 Unpacking node-webassemblyjs (1.11.4+dfsg+~cs10.11.17-2) ...
#17 35.56 Selecting previously unselected package node-source-list-map.
#17 35.56 Preparing to unpack .../350-node-source-list-map_2.0.1+dfsg+~0.1.2-1_all.deb ...
#17 35.56 Unpacking node-source-list-map (2.0.1+dfsg+~0.1.2-1) ...
#17 35.57 Selecting previously unselected package node-webpack-sources.
#17 35.57 Preparing to unpack .../351-node-webpack-sources_3.2.3+~3.2.0-2_all.deb ...
#17 35.57 Unpacking node-webpack-sources (3.2.3+~3.2.0-2) ...
#17 35.59 Selecting previously unselected package node-terser.
#17 35.59 Preparing to unpack .../352-node-terser_5.19.2-1_all.deb ...
#17 35.60 Unpacking node-terser (5.19.2-1) ...
#17 35.62 Selecting previously unselected package terser.
#17 35.62 Preparing to unpack .../353-terser_5.19.2-1_all.deb ...
#17 35.62 Unpacking terser (5.19.2-1) ...
#17 35.64 Selecting previously unselected package webpack.
#17 35.64 Preparing to unpack .../354-webpack_5.76.1+dfsg1+~cs17.16.16-1_all.deb ...
#17 35.64 Unpacking webpack (5.76.1+dfsg1+~cs17.16.16-1) ...
#17 35.73 Selecting previously unselected package node-css-loader.
#17 35.73 Preparing to unpack .../355-node-css-loader_6.8.1+~cs14.0.17-1_all.deb ...
#17 35.73 Unpacking node-css-loader (6.8.1+~cs14.0.17-1) ...
#17 35.77 Selecting previously unselected package node-data-uri-to-buffer.
#17 35.78 Preparing to unpack .../356-node-data-uri-to-buffer_5.0.1~0~2023071921-5_all.deb ...
#17 35.78 Unpacking node-data-uri-to-buffer (5.0.1~0~2023071921-5) ...
#17 35.79 Selecting previously unselected package node-mimic-response.
#17 35.79 Preparing to unpack .../357-node-mimic-response_3.1.0-8_all.deb ...
#17 35.79 Unpacking node-mimic-response (3.1.0-8) ...
#17 35.81 Selecting previously unselected package node-decompress-response.
#17 35.81 Preparing to unpack .../358-node-decompress-response_6.0.0-2_all.deb ...
#17 35.81 Unpacking node-decompress-response (6.0.0-2) ...
#17 35.83 Selecting previously unselected package node-diff.
#17 35.83 Preparing to unpack .../359-node-diff_5.0.0~dfsg+~5.0.1-4_all.deb ...
#17 35.83 Unpacking node-diff (5.0.0~dfsg+~5.0.1-4) ...
#17 35.84 Selecting previously unselected package node-err-code.
#17 35.85 Preparing to unpack .../360-node-err-code_2.0.3+dfsg-3_all.deb ...
#17 35.85 Unpacking node-err-code (2.0.3+dfsg-3) ...
#17 35.86 Selecting previously unselected package node-time-stamp.
#17 35.86 Preparing to unpack .../361-node-time-stamp_2.2.0-2_all.deb ...
#17 35.86 Unpacking node-time-stamp (2.2.0-2) ...
#17 35.88 Selecting previously unselected package node-fancy-log.
#17 35.88 Preparing to unpack .../362-node-fancy-log_1.3.3+~cs1.3.1-2_all.deb ...
#17 35.88 Unpacking node-fancy-log (1.3.3+~cs1.3.1-2) ...
#17 35.90 Selecting previously unselected package node-fetch.
#17 35.90 Preparing to unpack .../363-node-fetch_3.3.2+~cs11.4.11-1_all.deb ...
#17 35.90 Unpacking node-fetch (3.3.2+~cs11.4.11-1) ...
#17 35.94 Selecting previously unselected package node-has-unicode.
#17 35.94 Preparing to unpack .../364-node-has-unicode_2.0.1-5_all.deb ...
#17 35.95 Unpacking node-has-unicode (2.0.1-5) ...
#17 35.96 Selecting previously unselected package node-wide-align.
#17 35.96 Preparing to unpack .../365-node-wide-align_1.1.3-4_all.deb ...
#17 35.96 Unpacking node-wide-align (1.1.3-4) ...
#17 35.98 Selecting previously unselected package node-gauge.
#17 35.98 Preparing to unpack .../366-node-gauge_4.0.4-2_all.deb ...
#17 35.98 Unpacking node-gauge (4.0.4-2) ...
#17 36.00 Selecting previously unselected package node-end-of-stream.
#17 36.00 Preparing to unpack .../367-node-end-of-stream_1.4.4+~1.4.1-1_all.deb ...
#17 36.00 Unpacking node-end-of-stream (1.4.4+~1.4.1-1) ...
#17 36.01 Selecting previously unselected package node-pump.
#17 36.01 Preparing to unpack .../368-node-pump_3.0.0-5_all.deb ...
#17 36.02 Unpacking node-pump (3.0.0-5) ...
#17 36.03 Selecting previously unselected package node-get-stream.
#17 36.03 Preparing to unpack .../369-node-get-stream_6.0.1-1_all.deb ...
#17 36.03 Unpacking node-get-stream (6.0.1-1) ...
#17 36.05 Selecting previously unselected package node-lowercase-keys.
#17 36.05 Preparing to unpack .../370-node-lowercase-keys_2.0.0-2_all.deb ...
#17 36.05 Unpacking node-lowercase-keys (2.0.0-2) ...
#17 36.06 Selecting previously unselected package node-json-buffer.
#17 36.06 Preparing to unpack .../371-node-json-buffer_3.0.1+~3.0.0-1_all.deb ...
#17 36.07 Unpacking node-json-buffer (3.0.1+~3.0.0-1) ...
#17 36.08 Selecting previously unselected package node-p-cancelable.
#17 36.08 Preparing to unpack .../372-node-p-cancelable_2.1.1-1_all.deb ...
#17 36.08 Unpacking node-p-cancelable (2.1.1-1) ...
#17 36.10 Selecting previously unselected package node-got.
#17 36.10 Preparing to unpack .../373-node-got_11.8.5+~cs58.13.36-3_all.deb ...
#17 36.10 Unpacking node-got (11.8.5+~cs58.13.36-3) ...
#17 36.13 Selecting previously unselected package node-http-proxy-agent.
#17 36.13 Preparing to unpack .../374-node-http-proxy-agent_7.0.0~0~2023071921-5_all.deb ...
#17 36.13 Unpacking node-http-proxy-agent (7.0.0~0~2023071921-5) ...
#17 36.14 Selecting previously unselected package node-https-proxy-agent.
#17 36.15 Preparing to unpack .../375-node-https-proxy-agent_7.0.1~0~2023071921-5_all.deb ...
#17 36.15 Unpacking node-https-proxy-agent (7.0.1~0~2023071921-5) ...
#17 36.16 Selecting previously unselected package node-ieee754.
#17 36.16 Preparing to unpack .../376-node-ieee754_1.2.1-3_all.deb ...
#17 36.16 Unpacking node-ieee754 (1.2.1-3) ...
#17 36.18 Selecting previously unselected package node-ip.
#17 36.18 Preparing to unpack .../377-node-ip_2.0.0+~1.1.0-1ubuntu1_all.deb ...
#17 36.18 Unpacking node-ip (2.0.0+~1.1.0-1ubuntu1) ...
#17 36.20 Selecting previously unselected package node-ip-regex.
#17 36.20 Preparing to unpack .../378-node-ip-regex_4.3.0+~4.1.1-1_all.deb ...
#17 36.20 Unpacking node-ip-regex (4.3.0+~4.1.1-1) ...
#17 36.21 Selecting previously unselected package node-read-package-json.
#17 36.21 Preparing to unpack .../379-node-read-package-json_5.0.2+~2.0.0-1_all.deb ...
#17 36.22 Unpacking node-read-package-json (5.0.2+~2.0.0-1) ...
#17 36.23 Selecting previously unselected package node-npm-bundled.
#17 36.23 Preparing to unpack .../380-node-npm-bundled_2.0.1-2_all.deb ...
#17 36.24 Unpacking node-npm-bundled (2.0.1-2) ...
#17 36.25 Selecting previously unselected package node-osenv.
#17 36.25 Preparing to unpack .../381-node-osenv_0.1.5+~0.1.1-1_all.deb ...
#17 36.25 Unpacking node-osenv (0.1.5+~0.1.1-1) ...
#17 36.27 Selecting previously unselected package node-validate-npm-package-name.
#17 36.27 Preparing to unpack .../382-node-validate-npm-package-name_5.0.0+~4.0.0-1_all.deb ...
#17 36.27 Unpacking node-validate-npm-package-name (5.0.0+~4.0.0-1) ...
#17 36.28 Selecting previously unselected package node-npm-package-arg.
#17 36.28 Preparing to unpack .../383-node-npm-package-arg_10.0.0+~3.0.0-2_all.deb ...
#17 36.28 Unpacking node-npm-package-arg (10.0.0+~3.0.0-2) ...
#17 36.30 Selecting previously unselected package node-retry.
#17 36.30 Preparing to unpack .../384-node-retry_0.13.1+~0.12.1-1_all.deb ...
#17 36.30 Unpacking node-retry (0.13.1+~0.12.1-1) ...
#17 36.32 Selecting previously unselected package node-promise-retry.
#17 36.32 Preparing to unpack .../385-node-promise-retry_2.0.1-4_all.deb ...
#17 36.32 Unpacking node-promise-retry (2.0.1-4) ...
#17 36.34 Selecting previously unselected package node-mute-stream.
#17 36.34 Preparing to unpack .../386-node-mute-stream_0.0.8+~0.0.1-3_all.deb ...
#17 36.34 Unpacking node-mute-stream (0.0.8+~0.0.1-3) ...
#17 36.35 Selecting previously unselected package node-read.
#17 36.35 Preparing to unpack .../387-node-read_1.0.7-5_all.deb ...
#17 36.35 Unpacking node-read (1.0.7-5) ...
#17 36.37 Selecting previously unselected package node-promzard.
#17 36.37 Preparing to unpack .../388-node-promzard_0.3.0-2_all.deb ...
#17 36.37 Unpacking node-promzard (0.3.0-2) ...
#17 36.39 Selecting previously unselected package node-set-blocking.
#17 36.39 Preparing to unpack .../389-node-set-blocking_2.0.0-2_all.deb ...
#17 36.39 Unpacking node-set-blocking (2.0.0-2) ...
#17 36.40 Selecting previously unselected package node-text-table.
#17 36.40 Preparing to unpack .../390-node-text-table_0.2.0-4_all.deb ...
#17 36.41 Unpacking node-text-table (0.2.0-4) ...
#17 36.42 Selecting previously unselected package python3-setuptools.
#17 36.42 Preparing to unpack .../391-python3-setuptools_68.1.2-2ubuntu1.2_all.deb ...
#17 36.42 Unpacking python3-setuptools (68.1.2-2ubuntu1.2) ...
#17 36.46 Selecting previously unselected package python3-wheel.
#17 36.46 Preparing to unpack .../392-python3-wheel_0.42.0-2_all.deb ...
#17 36.46 Unpacking python3-wheel (0.42.0-2) ...
#17 36.48 Selecting previously unselected package python3-pip.
#17 36.48 Preparing to unpack .../393-python3-pip_24.0+dfsg-1ubuntu1.3_all.deb ...
#17 36.48 Unpacking python3-pip (24.0+dfsg-1ubuntu1.3) ...
#17 36.56 Selecting previously unselected package unzip.
#17 36.56 Preparing to unpack .../394-unzip_6.0-28ubuntu4.1_arm64.deb ...
#17 36.56 Unpacking unzip (6.0-28ubuntu4.1) ...
#17 36.58 Selecting previously unselected package gnupg2.
#17 36.58 Preparing to unpack .../395-gnupg2_2.4.4-2ubuntu17.3_all.deb ...
#17 36.59 Unpacking gnupg2 (2.4.4-2ubuntu17.3) ...
#17 36.60 Selecting previously unselected package node-cli-table.
#17 36.60 Preparing to unpack .../396-node-cli-table_0.3.11+~cs0.13.4-3_all.deb ...
#17 36.60 Unpacking node-cli-table (0.3.11+~cs0.13.4-3) ...
#17 36.62 Selecting previously unselected package node-depd.
#17 36.62 Preparing to unpack .../397-node-depd_2.0.0-2_all.deb ...
#17 36.62 Unpacking node-depd (2.0.0-2) ...
#17 36.64 Selecting previously unselected package node-npmlog.
#17 36.64 Preparing to unpack .../398-node-npmlog_7.0.1+~4.1.4-1_all.deb ...
#17 36.64 Unpacking node-npmlog (7.0.1+~4.1.4-1) ...
#17 36.66 Selecting previously unselected package node-tar.
#17 36.66 Preparing to unpack .../399-node-tar_6.1.13+~cs7.0.5-3_all.deb ...
#17 36.66 Unpacking node-tar (6.1.13+~cs7.0.5-3) ...
#17 36.68 Selecting previously unselected package node-gyp.
#17 36.68 Preparing to unpack .../400-node-gyp_9.3.0-3_all.deb ...
#17 36.68 Unpacking node-gyp (9.3.0-3) ...
#17 36.70 Selecting previously unselected package node-ini.
#17 36.70 Preparing to unpack .../401-node-ini_3.0.1-2_all.deb ...
#17 36.70 Unpacking node-ini (3.0.1-2) ...
#17 36.71 Selecting previously unselected package node-negotiator.
#17 36.72 Preparing to unpack .../402-node-negotiator_0.6.3+~0.6.1-1_all.deb ...
#17 36.72 Unpacking node-negotiator (0.6.3+~0.6.1-1) ...
#17 36.74 Selecting previously unselected package npm.
#17 36.74 Preparing to unpack .../403-npm_9.2.0~ds1-2_all.deb ...
#17 36.75 Unpacking npm (9.2.0~ds1-2) ...
#17 36.85 Setting up libksba8:arm64 (1.6.6-1build1) ...
#17 36.85 Setting up pinentry-curses (1.2.1-3ubuntu5) ...
#17 36.86 Setting up media-types (10.1.0) ...
#17 36.87 Setting up node-colors (1.4.0-4) ...
#17 36.87 Setting up node-fs.realpath (1.0.0-3) ...
#17 36.87 Setting up node-ampproject-remapping (2.2.0+~cs5.15.37-1) ...
#17 36.88 Setting up node-diff (5.0.0~dfsg+~5.0.1-4) ...
#17 36.88 Setting up libkeyutils1:arm64 (1.6.3-3build1) ...
#17 36.88 Setting up node-abbrev (1.1.1+~1.1.2-1) ...
#17 36.89 Setting up node-path-is-inside (1.0.2+~1.0.0-1) ...
#17 36.89 Setting up libjs-sprintf-js (1.1.2+ds1+~1.1.2-1) ...
#17 36.89 Setting up node-pify (5.0.0+~cs5.0.1-1) ...
#17 36.90 Setting up node-p-limit (4.0.0+~cs4.0.0-5) ...
#17 36.90 Setting up node-yallist (4.0.0+~4.0.1-1) ...
#17 36.90 Setting up libjs-inherits (2.0.4-6) ...
#17 36.90 Setting up libgdbm6t64:arm64 (1.23-5.1build1) ...
#17 36.91 Setting up node-p-cancelable (2.1.1-1) ...
#17 36.91 Setting up node-is-windows (1.0.2+~cs1.0.0-1) ...
#17 36.92 Setting up node-ansi-regex (5.0.1-1) ...
#17 36.92 Setting up node-loader-runner (4.3.0-1) ...
#17 36.92 Setting up node-object-inspect (1.12.2+~cs1.8.1-1) ...
#17 36.93 Setting up node-slash (4.0.0-3) ...
#17 36.93 Setting up libgdbm-compat4t64:arm64 (1.23-5.1build1) ...
#17 36.93 Setting up node-util-deprecate (1.0.2-3) ...
#17 36.94 Setting up node-ieee754 (1.2.1-3) ...
#17 36.94 Setting up node-fs-readdir-recursive (1.1.0+~1.1.0-1) ...
#17 36.94 Setting up node-v8flags (3.2.0+~3.1.1-1) ...
#17 36.95 Setting up node-retry (0.13.1+~0.12.1-1) ...
#17 36.95 Setting up node-get-caller-file (2.0.5+~cs1.1.1-4) ...
#17 36.95 Setting up node-arrify (2.0.1-3) ...
#17 36.96 Setting up node-eslint-visitor-keys (3.3.0+~1.0.0-1) ...
#17 36.96 Setting up node-caniuse-lite (1.0.30001571+dfsg+~1.0.5-1) ...
#17 36.96 Setting up node-isobject (4.0.0-2) ...
#17 36.97 Setting up node-delegates (1.0.0-3) ...
#17 36.97 Setting up node-depd (2.0.0-2) ...
#17 36.98 Setting up node-isexe (2.0.0+~2.0.1-5) ...
#17 36.98 Setting up unzip (6.0-28ubuntu4.1) ...
#17 36.98 Setting up libbrotli1:arm64 (1.1.0-2build2) ...
#17 36.99 Setting up node-resolve (1.22.8+~cs5.34.15-2) ...
#17 36.99 Setting up node-jsonparse (1.3.1-10) ...
#17 37.00 Setting up libsqlite3-0:arm64 (3.45.1-1ubuntu2.5) ...
#17 37.00 Setting up node-core-js-pure (3.33.2-1build2) ...
#17 37.00 Setting up node-es-module-lexer (1.1.0+dfsg-3) ...
#17 37.01 Setting up node-path-exists (5.0.0-8) ...
#17 37.01 Setting up libuv1t64:arm64 (1.48.0-1.1build1) ...
#17 37.01 Setting up node-unicode-match-property-value-ecmascript (2.1.0+ds-1) ...
#17 37.02 Setting up node-escape-string-regexp (4.0.0-2) ...
#17 37.02 Setting up node-through (2.3.8+~cs0.0.30-1) ...
#17 37.02 Setting up libjs-source-map (0.7.0++dfsg2+really.0.6.1-15) ...
#17 37.03 Setting up node-p-locate (6.0.0-12) ...
#17 37.03 Setting up node-negotiator (0.6.3+~0.6.1-1) ...
#17 37.03 Setting up node-tslib (2.4.1-1) ...
#17 37.04 Setting up libpsl5t64:arm64 (0.21.2-1.1build1) ...
#17 37.04 Setting up libnghttp2-14:arm64 (1.59.0-1ubuntu0.2) ...
#17 37.04 Setting up node-strip-bom (4.0.0-2) ...
#17 37.05 Setting up node-ci-info (4.0.0+~cs1.1.0-1build2) ...
#17 37.05 Setting up node-color-name (1.1.4+~1.1.1-2) ...
#17 37.05 Setting up node-chrome-trace-event (1.0.3-2) ...
#17 37.06 Setting up node-json-buffer (3.0.1+~3.0.0-1) ...
#17 37.06 Setting up node-electron-to-chromium (1.4.616-1) ...
#17 37.07 Setting up node-cjs-module-lexer (1.2.3+dfsg-1) ...
#17 37.07 Setting up node-console-control-strings (1.1.0-3) ...
#17 37.07 Setting up node-source-list-map (2.0.1+dfsg+~0.1.2-1) ...
#17 37.08 Setting up node-camelcase (7.0.0-3) ...
#17 37.08 Setting up node-resumer (0.0.0-6) ...
#17 37.08 Setting up node-uuid (8.3.2+~8.3.3-4) ...
#17 37.09 Setting up node-terser (5.19.2-1) ...
#17 37.09 Setting up node-path-type (4.0.0-3) ...
#17 37.10 Setting up node-indent-string (4.0.0-2) ...
#17 37.10 Setting up node-typedarray (0.0.7-1) ...
#17 37.10 Setting up node-function-bind (1.1.2+~cs2.1.14-1) ...
#17 37.11 Setting up node-clone (2.1.2+~2.1.2-1) ...
#17 37.11 Setting up node-p-map (4.0.0+~3.1.0+~3.0.1-1) ...
#17 37.12 Setting up node-iferr (1.0.2+~1.0.2-1) ...
#17 37.12 Setting up libkrb5support0:arm64 (1.20.1-6ubuntu2.6) ...
#17 37.12 Setting up node-chownr (2.0.0-2) ...
#17 37.13 Setting up node-has-flag (4.0.0-3) ...
#17 37.13 Setting up node-estraverse (5.3.0+ds+~5.1.1-1) ...
#17 37.13 Setting up libsasl2-modules-db:arm64 (2.1.28+dfsg1-5ubuntu3.1) ...
#17 37.14 Setting up node-regjsgen (0.7.1+ds-1) ...
#17 37.14 Setting up tzdata (2025b-0ubuntu0.24.04.1) ...
#17 37.18 debconf: unable to initialize frontend: Dialog
#17 37.18 debconf: (TERM is not set, so the dialog frontend is not usable.)
#17 37.18 debconf: falling back to frontend: Readline
#17 37.18 debconf: unable to initialize frontend: Readline
#17 37.18 debconf: (This frontend requires a controlling tty.)
#17 37.18 debconf: falling back to frontend: Teletype
#17 37.20 Configuring tzdata
#17 37.20 ------------------
#17 37.20 
#17 37.20 Please select the geographic area in which you live. Subsequent configuration
#17 37.20 questions will narrow this down by presenting a list of cities, representing
#17 37.20 the time zones in which they are located.
#17 37.20 
#17 37.20   1. Africa      4. Arctic    7. Australia  10. Pacific
#17 37.20   2. America     5. Asia      8. Europe     11. Etc
#17 37.20   3. Antarctica  6. Atlantic  9. Indian     12. Legacy
#17 37.20 Geographic area: 
#17 37.20 Use of uninitialized value $_[1] in join or string at /usr/share/perl5/Debconf/DbDriver/Stack.pm line 112.
#17 37.21 
#17 37.21 Current default time zone: '/UTC'
#17 37.21 Local time is now:      Tue Dec 23 15:22:29 UTC 2025.
#17 37.21 Universal Time is now:  Tue Dec 23 15:22:29 UTC 2025.
#17 37.21 Run 'dpkg-reconfigure tzdata' if you wish to change it.
#17 37.21 
#17 37.21 Use of uninitialized value $val in substitution (s///) at /usr/share/perl5/Debconf/Format/822.pm line 84, <GEN6> line 4.
#17 37.21 Use of uninitialized value $val in concatenation (.) or string at /usr/share/perl5/Debconf/Format/822.pm line 85, <GEN6> line 4.
#17 37.22 Setting up node-lodash-packages (4.17.21+dfsg+~cs8.31.198.20210220-9) ...
#17 37.22 Setting up node-json-schema-traverse (1.0.0-3) ...
#17 37.23 Setting up node-inherits (2.0.4-6) ...
#17 37.23 Setting up node-path-is-absolute (2.0.0-2) ...
#17 37.24 Setting up node-locate-path (7.1.1-2) ...
#17 37.24 Setting up node-ini (3.0.1-2) ...
#17 37.25 Setting up node-postcss-value-parser (4.2.0-1) ...
#17 37.25 Setting up node-is-descriptor (3.0.0-2) ...
#17 37.25 Setting up node-safe-buffer (5.2.1+~cs2.1.2-3) ...
#17 37.26 Setting up node-promise-inflight (1.0.1+~1.0.0-1) ...
#17 37.26 Setting up node-rechoir (0.8.0+~0.6.1-2) ...
#17 37.26 Setting up node-json-parse-better-errors (1.0.2+~cs3.3.1-2) ...
#17 37.27 Setting up node-unicode-canonical-property-names-ecmascript (2.0.0-2) ...
#17 37.27 Setting up node-sprintf-js (1.1.2+ds1+~1.1.2-1) ...
#17 37.28 Setting up node-flatted (3.2.7~ds-1) ...
#17 37.28 Setting up node-y18n (5.0.8+~5.0.0-3) ...
#17 37.28 Setting up node-fast-deep-equal (3.1.3-3) ...
#17 37.29 Setting up node-shebang-regex (3.0.0-2) ...
#17 37.29 Setting up node-err-code (2.0.3+dfsg-3) ...
#17 37.29 Setting up node-resolve-from (5.0.0+~3.1.0+~3.3.0+~2.0.0-1) ...
#17 37.30 Setting up librtmp1:arm64 (2.4+20151223.gitfa8646d.1-2build7) ...
#17 37.30 Setting up node-balanced-match (2.0.0-1) ...
#17 37.31 Setting up node-convert-source-map (1.9.0+~1.5.2-1) ...
#17 37.31 Setting up node-brace-expansion (2.0.1+~1.1.0-1) ...
#17 37.31 Setting up node-is-stream (3.0.0-4) ...
#17 37.32 Setting up node-spdx-exceptions (2.3.0-2) ...
#17 37.32 Setting up perl-modules-5.38 (5.38.2-3.2ubuntu0.2) ...
#17 37.32 Setting up node-js-tokens (8.0.0-2) ...
#17 37.33 Setting up node-core-js (3.33.2-1build2) ...
#17 37.33 Setting up node-interpret (2.2.0-3) ...
#17 37.33 Setting up node-set-blocking (2.0.0-2) ...
#17 37.34 Setting up node-prr (1.0.1-3) ...
#17 37.34 Setting up libssl-dev:arm64 (3.0.13-0ubuntu3.6) ...
#17 37.34 Setting up libcares2:arm64 (1.27.0-1.0ubuntu1) ...
#17 37.35 Setting up node-repeat-string (1.6.1+repack-1) ...
#17 37.35 Setting up node-globals (13.23.0-1) ...
#17 37.35 Setting up node-deep-is (0.1.4-1) ...
#17 37.36 Setting up node-signal-exit (4.1.0-6) ...
#17 37.36 Setting up node-randombytes (2.1.0+~2.0.0-2) ...
#17 37.37 Setting up libk5crypto3:arm64 (1.20.1-6ubuntu2.6) ...
#17 37.37 Setting up node-source-map (0.7.0++dfsg2+really.0.6.1-15) ...
#17 37.38 Setting up node-wrappy (1.0.2-3) ...
#17 37.38 Setting up node-text-table (0.2.0-4) ...
#17 37.38 Setting up libsasl2-2:arm64 (2.1.28+dfsg1-5ubuntu3.1) ...
#17 37.39 Setting up node-require-directory (2.1.1+~2.1.2-1) ...
#17 37.39 Setting up node-ip (2.0.0+~1.1.0-1ubuntu1) ...
#17 37.39 Setting up node-quick-lru (6.1.1-4) ...
#17 37.40 Setting up node-regenerator-runtime (0.15.2+~0.10.8-1) ...
#17 37.40 Setting up node-punycode (2.2.3-2) ...
#17 37.41 Setting up libicu74:arm64 (74.2-1ubuntu3.1) ...
#17 37.41 Setting up node-to-fast-properties (3.0.1-3) ...
#17 37.41 Setting up node-defaults (1.0.4+~1.0.3-1) ...
#17 37.42 Setting up node-mute-stream (0.0.8+~0.0.1-3) ...
#17 37.42 Setting up node-memfs (3.4.12+~cs1.0.3-1) ...
#17 37.42 Setting up node-mimic-response (3.1.0-8) ...
#17 37.43 Setting up node-commander (9.4.1-1) ...
#17 37.43 Setting up libjs-typedarray-to-buffer (4.0.0-2) ...
#17 37.44 Setting up node-graceful-fs (4.2.10-1) ...
#17 37.44 Setting up node-merge-stream (2.0.0+~1.1.2-2) ...
#17 37.45 Setting up node-is-path-cwd (2.2.0-2) ...
#17 37.45 Setting up node-jsonify (0.0.1-1) ...
#17 37.45 Setting up node-json-stable-stringify (1.0.2+repack1+~cs1.0.34-2) ...
#17 37.46 Setting up node-fast-levenshtein (2.0.6+ds-3) ...
#17 37.46 Setting up libjs-regenerate (1.4.2-3) ...
#17 37.46 Setting up node-aproba (2.0.0-3) ...
#17 37.47 Setting up node-unicode-property-aliases-ecmascript (2.1.0+ds-1) ...
#17 37.47 Setting up node-binary-extensions (2.2.0-2) ...
#17 37.47 Setting up node-is-plain-object (5.0.0-7) ...
#17 37.48 Setting up node-eslint-utils (3.0.0-3) ...
#17 37.48 Setting up node-path-dirname (1.0.2-2) ...
#17 37.48 Setting up node-ip-regex (4.3.0+~4.1.1-1) ...
#17 37.49 Setting up git-man (1:2.43.0-1ubuntu7.3) ...
#17 37.49 Setting up node-spdx-license-ids (3.0.12-1) ...
#17 37.50 Setting up node-string-decoder (1.3.0-6) ...
#17 37.50 Setting up node-esutils (2.0.3+~2.0.0-1) ...
#17 37.50 Setting up netbase (6.4) ...
#17 37.51 Setting up node-time-stamp (2.2.0-2) ...
#17 37.52 Setting up node-commondir (1.0.1+~1.0.0-1) ...
#17 37.52 Setting up libjs-prettify (2015.12.04+dfsg-1.1) ...
#17 37.52 Setting up libjs-events (3.3.0+~3.0.0-3) ...
#17 37.53 Setting up node-run-queue (2.0.0-3) ...
#17 37.53 Setting up libkrb5-3:arm64 (1.20.1-6ubuntu2.6) ...
#17 37.54 Setting up node-core-util-is (1.0.3-1) ...
#17 37.54 Setting up node-json-schema (0.4.0+~7.0.11-1) ...
#17 37.54 Setting up node-uri-js (4.4.0+dfsg-8) ...
#17 37.55 Setting up node-prelude-ls (1.2.1+dfsg-3) ...
#17 37.56 Setting up node-minimatch (9.0.3-4build5) ...
#17 37.56 Setting up libperl5.38t64:arm64 (5.38.2-3.2ubuntu0.2) ...
#17 37.56 Setting up libjs-async (0.8.0-6) ...
#17 37.57 Setting up node-imurmurhash (0.1.4+dfsg+~0.1.1-2) ...
#17 37.57 Setting up node-xtend (4.0.2-3) ...
#17 37.57 Setting up node-set-immediate-shim (2.0.0-2) ...
#17 37.58 Setting up node-foreground-child (3.1.1-2) ...
#17 37.58 Setting up node-wordwrap (1.0.0-4) ...
#17 37.58 Setting up node-read (1.0.7-5) ...
#17 37.59 Setting up node-regexpp (3.2.0-5) ...
#17 37.59 Setting up openssl (3.0.13-0ubuntu3.6) ...
#17 37.60 Setting up node-is-arrayish (0.3.2-3) ...
#17 37.60 Setting up node-base64-js (1.5.1+dfsg+~1.3.0-2) ...
#17 37.60 Setting up node-esquery (1.4.2~ds-1) ...
#17 37.61 Setting up node-npm-run-path (5.1.0+~4.0.0-8) ...
#17 37.61 Setting up readline-common (8.2-4build1) ...
#17 37.61 Setting up node-is-buffer (2.0.5-2) ...
#17 37.62 Setting up node-color-convert (2.0.1+~cs2.0.0-2) ...
#17 37.62 Setting up libldap2:arm64 (2.6.7+dfsg-1~exp1ubuntu8.2) ...
#17 37.63 Setting up libonig5:arm64 (6.9.9-1build1) ...
#17 37.63 Setting up node-data-uri-to-buffer (5.0.1~0~2023071921-5) ...
#17 37.63 Setting up node-async-each (1.0.3-3) ...
#17 37.64 Setting up node-isarray (2.0.5-4) ...
#17 37.64 Setting up node-osenv (0.1.5+~0.1.1-1) ...
#17 37.65 Setting up node-is-plain-obj (3.0.0-2) ...
#17 37.65 Setting up node-is-extglob (2.1.1-5) ...
#17 37.65 Setting up node-tapable (2.2.1-3) ...
#17 37.66 Setting up node-shebang-command (2.0.0-1) ...
#17 37.66 Setting up gnupg-utils (2.4.4-2ubuntu17.3) ...
#17 37.66 Setting up libjs-is-typedarray (1.0.0-4) ...
#17 37.67 Setting up node-lowercase-keys (2.0.0-2) ...
#17 37.67 Setting up node-babel-plugin-add-module-exports (1.0.4+dfsg1~cs5.8.0-4) ...
#17 37.67 Setting up node-decompress-response (6.0.0-2) ...
#17 37.68 Setting up node-process-nextick-args (2.0.1-3) ...
#17 37.68 Setting up node-has-unicode (2.0.1-5) ...
#17 37.69 Setting up node-busboy (1.6.0+~cs2.6.0-2) ...
#17 37.69 Setting up libuv1-dev:arm64 (1.48.0-1.1build1) ...
#17 37.69 Setting up node-readable-stream (3.6.0+~cs3.0.0-4build1) ...
#17 37.70 Setting up node-lru-cache (7.14.1-1) ...
#17 37.70 Setting up node-promise-retry (2.0.1-4) ...
#17 37.70 Setting up node-supports-color (8.1.1+~8.1.1-1) ...
#17 37.71 Setting up wget (1.21.4-1ubuntu4.1) ...
#17 37.71 Setting up node-error-ex (1.3.2-4) ...
#17 37.71 Setting up node-once (1.4.1-1) ...
#17 37.72 Setting up node-webpack-sources (3.2.3+~3.2.0-2) ...
#17 37.72 Setting up node-n3 (1.16.3+~1.2.3+~1.10.4-1) ...
#17 37.73 Setting up libjq1:arm64 (1.7.1-3ubuntu0.24.04.1) ...
#17 37.73 Setting up node-serialize-javascript (6.0.1-1) ...
#17 37.73 Setting up node-are-we-there-yet (3.0.1+~1.1.0-1) ...
#17 37.73 Setting up node-find-up (6.3.0-7) ...
#17 37.74 Setting up node-kind-of (6.0.3+dfsg-2) ...
#17 37.74 Setting up node-is-binary-path (2.1.0-5) ...
#17 37.75 Setting up node-events (3.3.0+~3.0.0-3) ...
#17 37.75 Setting up node-minimist (1.2.8+~cs5.3.5-1) ...
#17 37.75 Setting up node-fancy-log (1.3.3+~cs1.3.1-2) ...
#17 37.76 Setting up node-define-property (2.0.2+really+2.0.2-3) ...
#17 37.76 Setting up node-promzard (0.3.0-2) ...
#17 37.76 Setting up node-wcwidth.js (1.0.2-2) ...
#17 37.77 Setting up node-resolve-cwd (3.0.0-2) ...
#17 37.77 Setting up node-fetch (3.3.2+~cs11.4.11-1) ...
#17 37.78 Setting up ca-certificates (20240203) ...
#17 37.82 debconf: unable to initialize frontend: Dialog
#17 37.82 debconf: (TERM is not set, so the dialog frontend is not usable.)
#17 37.82 debconf: falling back to frontend: Readline
#17 37.82 debconf: unable to initialize frontend: Readline
#17 37.82 debconf: (This frontend requires a controlling tty.)
#17 37.82 debconf: falling back to frontend: Teletype
#17 38.27 Updating certificates in /etc/ssl/certs...
#17 38.88 146 added, 0 removed; done.
#17 38.89 Setting up node-babel7-runtime (7.20.15+ds1+~cs214.269.168-6build1) ...
#17 38.90 Setting up node-iconv-lite (0.6.3-3) ...
#17 38.90 Setting up perl (5.38.2-3.2ubuntu0.2) ...
#17 38.91 Setting up node-type-check (0.4.0+dfsg-3) ...
#17 38.91 Setting up node-ansi-styles (6.2.1-2) ...
#17 38.92 Setting up node-pkg-dir (5.0.0-2) ...
#17 38.92 Setting up libgssapi-krb5-2:arm64 (1.20.1-6ubuntu2.6) ...
#17 38.92 Setting up node-async (0.8.0-6) ...
#17 38.93 Setting up node-optimist (0.6.1+~0.0.30-2) ...
#17 38.93 Setting up node-spdx-expression-parse (3.0.1+~3.0.1-1) ...
#17 38.94 Setting up libssh-4:arm64 (0.10.6-2ubuntu0.2) ...
#17 38.94 Setting up libreadline8t64:arm64 (8.2-4build1) ...
#17 38.94 Setting up node-concat-stream (2.0.0+~2.0.0-2) ...
#17 38.95 Setting up node-is-typedarray (1.0.0-4) ...
#17 38.95 Setting up node-undici (5.26.3+dfsg1+~cs23.10.12-2) ...
#17 38.95 Setting up node-inflight (1.0.6-2) ...
#17 38.96 Setting up jq (1.7.1-3ubuntu0.24.04.1) ...
#17 38.96 Setting up node-hosted-git-info (6.1.1-2) ...
#17 38.96 Setting up gpgconf (2.4.4-2ubuntu17.3) ...
#17 38.97 Setting up node-encoding (0.1.13-2) ...
#17 38.98 Setting up gpg (2.4.4-2ubuntu17.3) ...
#17 38.98 Setting up node-slice-ansi (5.0.0+~cs9.0.0-5) ...
#17 38.98 Setting up node-fs-write-stream-atomic (1.0.10-6) ...
#17 38.99 Setting up gpg-agent (2.4.4-2ubuntu17.3) ...
#17 39.22 Setting up node-end-of-stream (1.4.4+~1.4.1-1) ...
#17 39.22 Setting up libpython3.12-stdlib:arm64 (3.12.3-1ubuntu0.9) ...
#17 39.22 Setting up node-pump (3.0.0-5) ...
#17 39.23 Setting up libcurl4t64:arm64 (8.5.0-2ubuntu10.6) ...
#17 39.23 Setting up node-regenerator-transform (0.15.2+~0.10.8-1) ...
#17 39.24 Setting up python3.12 (3.12.3-1ubuntu0.9) ...
#17 39.70 Setting up gpgsm (2.4.4-2ubuntu17.3) ...
#17 39.71 Setting up libcurl3t64-gnutls:arm64 (8.5.0-2ubuntu10.6) ...
#17 39.71 Setting up liberror-perl (0.17029-2) ...
#17 39.72 Setting up node-levn (0.4.1+dfsg-2) ...
#17 39.72 Setting up dirmngr (2.4.4-2ubuntu17.3) ...
#17 39.79 Setting up node-spdx-correct (3.1.1-2) ...
#17 39.79 Setting up node-glob (8.1.0+~cs8.5.15-1) ...
#17 39.80 Setting up node-get-stream (6.0.1-1) ...
#17 39.80 Setting up node-got (11.8.5+~cs58.13.36-3) ...
#17 39.81 Setting up keyboxd (2.4.4-2ubuntu17.3) ...
#17 39.87 Setting up git (1:2.43.0-1ubuntu7.3) ...
#17 39.88 Setting up node-typedarray-to-buffer (4.0.0-2) ...
#17 39.88 Setting up node-minipass (3.3.6+~cs9.4.19-1) ...
#17 39.89 Setting up gnupg (2.4.4-2ubuntu17.3) ...
#17 39.89 Setting up curl (8.5.0-2ubuntu10.6) ...
#17 39.89 Setting up libpython3-stdlib:arm64 (3.12.3-0ubuntu2.1) ...
#17 39.90 Setting up node-validate-npm-package-license (3.0.4-2) ...
#17 39.90 Setting up node-optionator (0.9.1+dfsg+~cs1.2.3-1) ...
#17 39.90 Setting up node-ssri (9.0.1-2) ...
#17 39.91 Setting up gnupg2 (2.4.4-2ubuntu17.3) ...
#17 39.91 Setting up node-write-file-atomic (4.0.2+~4.0.0-2) ...
#17 39.91 Setting up python3 (3.12.3-0ubuntu2.1) ...
#17 39.92 running python rtupdate hooks for python3.12...
#17 39.92 running python post-rtupdate hooks for python3.12...
#17 39.98 Setting up python3-wheel (0.42.0-2) ...
#17 40.06 Setting up python3-six (1.16.0-4) ...
#17 40.13 Setting up python3-pkg-resources (68.1.2-2ubuntu1.2) ...
#17 40.24 Setting up python3-setuptools (68.1.2-2ubuntu1.2) ...
#17 40.51 Setting up python3-pip (24.0+dfsg-1ubuntu1.3) ...
#17 41.40 Setting up gyp (0.1+20220404git9ecf45e-2) ...
#17 41.57 Setting up node-define-properties (1.2.1+~cs2.2.3-1) ...
#17 41.58 Setting up node-acorn (8.8.1+ds+~cs25.17.7-2) ...
#17 41.58 Setting up node-espree (9.4.1~dfsg-2) ...
#17 41.59 Setting up node-debbundle-es-to-primitive (1.2.1+~cs9.7.25-2) ...
#17 41.59 Setting up libnode109:arm64 (18.19.1+dfsg-6ubuntu5) ...
#17 41.60 Setting up nodejs (18.19.1+dfsg-6ubuntu5) ...
#17 41.60 update-alternatives: using /usr/bin/nodejs to provide /usr/bin/js (js) in auto mode
#17 41.60 update-alternatives: warning: skip creation of /usr/share/man/man1/js.1.gz because associated file /usr/share/man/man1/nodejs.1.gz (of link group js) doesn't exist
#17 41.60 Setting up node-argparse (2.0.1-2) ...
#17 41.61 Setting up terser (5.19.2-1) ...
#17 41.61 Setting up node-mime (3.0.0+dfsg+~cs6.97.2-1) ...
#17 41.62 Setting up node-source-map-support (0.5.21+ds+~0.5.4-1) ...
#17 41.62 Setting up node-unique-filename (1.1.1+ds-2) ...
#17 41.63 Setting up node-unicode-match-property-ecmascript (2.0.0-2) ...
#17 41.63 Setting up node-defined (1.0.1+~1.0.0-1) ...
#17 41.63 Setting up node-mime-types (2.1.35-2) ...
#17 41.64 Setting up node-ansi-escapes (5.0.0+really.4.3.1-1) ...
#17 41.64 Setting up node-strip-ansi (6.0.1-2) ...
#17 41.64 Setting up node-write (2.0.0~6.0.1+~3.0.4+~2.0.0+~1.0.0+~2.0.1-1) ...
#17 41.65 Setting up node-ignore (5.2.1-1) ...
#17 41.65 Setting up node-chalk (5.3.0-1build1) ...
#17 41.65 Setting up node-which (2.0.2+~cs1.3.2-3) ...
#17 41.66 Setting up node-css-selector-tokenizer (0.8.0+~cs4.8.3-1) ...
#17 41.66 Setting up node-esprima (4.0.1+ds+~4.0.3-2) ...
#17 41.67 Setting up node-is-path-inside (3.0.3-2) ...
#17 41.67 Setting up node-neo-async (2.6.2+~cs3.0.0-3) ...
#17 41.68 Setting up node-mkdirp (1.0.4+~1.0.2-4) ...
#17 41.68 Setting up node-es6-error (4.1.1-5) ...
#17 41.68 Setting up node-archy (1.0.0-6) ...
#17 41.69 Setting up node-js-yaml (4.1.0+dfsg+~4.0.5-7) ...
#17 41.69 Setting up node-nopt (5.0.0-4) ...
#17 41.69 Setting up node-lodash (4.17.21+dfsg+~cs8.31.198.20210220-9) ...
#17 41.70 Setting up node-progress (2.0.3-2) ...
#17 41.70 Setting up node-json5 (2.2.3+dfsg-1build1) ...
#17 41.70 Setting up node-ms (2.1.3+~cs0.7.31-3) ...
#17 41.71 Setting up node-rimraf (3.0.2-2) ...
#17 41.71 Setting up node-string-width (4.2.3+~cs13.2.3-1) ...
#17 41.71 Setting up node-regenerate (1.4.2-3) ...
#17 41.72 Setting up node-semver (7.5.4+~7.5.0-2) ...
#17 41.72 Setting up node-picocolors (1.0.0-4) ...
#17 41.72 Setting up node-es-abstract (1.20.4+~cs26.27.47-1) ...
#17 41.73 Setting up node-builtins (5.0.1-1) ...
#17 41.73 Setting up handlebars (3:4.7.7+~4.1.0-1) ...
#17 41.73 Setting up node-object-assign (4.1.1-7) ...
#17 41.74 Setting up node-is-glob (4.0.3-2) ...
#17 41.74 Setting up node-v8-compile-cache (2.4.0-2) ...
#17 41.74 Setting up node-flat-cache (3.0.4~6.0.1+~3.0.4+~2.0.0+~1.0.0+~2.0.1-1) ...
#17 41.75 Setting up node-is-number (7.0.0-4) ...
#17 41.76 Setting up node-for-in (1.0.2-4) ...
#17 41.76 Setting up node-webassemblyjs (1.11.4+dfsg+~cs10.11.17-2) ...
#17 41.77 Setting up node-strip-json-comments (4.0.0-4) ...
#17 41.77 Setting up libnode-dev (18.19.1+dfsg-6ubuntu5) ...
#17 41.77 Setting up node-is-extendable (1.0.1-3) ...
#17 41.77 Setting up node-columnify (1.6.0+~1.5.1-1) ...
#17 41.78 Setting up node-doctrine (3.0.0-4) ...
#17 41.78 Setting up node-copy-concurrently (1.0.5-9) ...
#17 41.78 Setting up node-ajv (8.12.0~ds+~2.1.1-4) ...
#17 41.79 Setting up node-jsesc (3.0.2+~3.0.1-1) ...
#17 41.79 Setting up node-regjsparser (0.9.1+ds-2) ...
#17 41.79 Setting up node-errno (1.0.0-3) ...
#17 41.80 Setting up node-decamelize (4.0.0-2) ...
#17 41.80 Setting up node-move-concurrently (1.0.1-5) ...
#17 41.80 Setting up node-normalize-path (3.0.0+~3.0.0-1) ...
#17 41.81 Setting up node-functional-red-black-tree (1.0.1+20181105-7) ...
#17 41.81 Setting up node-debug (4.3.4+~cs4.1.7-1) ...
#17 41.81 Setting up node-agent-base (7.1.0~0~2023071921-5) ...
#17 41.82 Setting up node-browserslist (4.22.1+~cs6.1.28-1) ...
#17 41.82 Setting up node-yargs-parser (21.1.1+~21.0.0-4) ...
#17 41.82 Setting up node-make-dir (3.1.0-3) ...
#17 41.83 Setting up node-validate-npm-package-name (5.0.0+~4.0.0-1) ...
#17 41.83 Setting up node-esrecurse (4.3.0-2) ...
#17 41.83 Setting up node-file-entry-cache (6.0.1+~3.0.4+~2.0.0+~1.0.0+~2.0.1-1) ...
#17 41.83 Setting up node-wrap-ansi (8.0.1+~8.0.1-3) ...
#17 41.84 Setting up node-normalize-package-data (4.0.1+~2.4.1-1) ...
#17 41.84 Setting up node-for-own (1.0.0-3) ...
#17 41.84 Setting up node-eslint-scope (7.1.1+~3.7.4-1) ...
#17 41.85 Setting up node-escodegen (2.1.0+dfsg+~0.0.8-1) ...
#17 41.85 Setting up node-memory-fs (0.5.0+~0.3.3-2) ...
#17 41.85 Setting up node-babel-helper-define-polyfill-provider (0.3.3~0~20220913+ds1-1) ...
#17 41.86 Setting up node-cli-table (0.3.11+~cs0.13.4-3) ...
#17 41.86 Setting up node-tar (6.1.13+~cs7.0.5-3) ...
#17 41.86 Setting up node-regenerate-unicode-properties (10.1.0+ds-1) ...
#17 41.87 Setting up node-glob-parent (6.0.2+~5.1.1-2) ...
#17 41.87 Setting up node-enhanced-resolve (5.15.0-1) ...
#17 41.87 Setting up node-postcss (8.4.31+~cs8.0.26-1) ...
#17 41.88 Setting up node-wide-align (1.1.3-4) ...
#17 41.88 Setting up node-npm-package-arg (10.0.0+~3.0.0-2) ...
#17 41.88 Setting up node-anymatch (3.1.3+~cs4.6.1-2) ...
#17 41.89 Setting up node-postcss-modules-extract-imports (3.0.0-2) ...
#17 41.89 Setting up node-https-proxy-agent (7.0.1~0~2023071921-5) ...
#17 41.89 Setting up node-cliui (7.0.4+repack+~cs3.1.0-4) ...
#17 41.90 Setting up node-regexpu-core (5.2.2-3) ...
#17 41.90 Setting up node-yargs (16.2.0+~16.0.4-7) ...
#17 41.90 Setting up node-to-regex-range (5.0.1-4) ...
#17 41.91 Setting up node-cacache (17.0.3+~cs10.3.7-1) ...
#17 41.91 Setting up node-babel-plugin-polyfill-corejs2 (0.3.3~0~20220913+ds1-1) ...
#17 41.91 Setting up node-ajv-keywords (5.1.0-4) ...
#17 41.92 Setting up node-read-package-json (5.0.2+~2.0.0-1) ...
#17 41.92 Setting up node-core-js-compat (3.33.2-1build2) ...
#17 41.92 Setting up node-http-proxy-agent (7.0.0~0~2023071921-5) ...
#17 41.93 Setting up node-clone-deep (4.0.1+~cs7.0.2-1) ...
#17 41.93 Setting up eslint (6.4.0~dfsg+~6.1.9-11build3) ...
#17 41.93 Setting up node-babel-plugin-polyfill-regenerator (0.4.1~0~20220913+ds1-1) ...
#17 41.94 Setting up node-gauge (4.0.4-2) ...
#17 41.94 Setting up node-readdirp (3.6.0-1) ...
#17 41.94 Setting up node-icss-utils (5.1.0+~5.1.0-1) ...
#17 41.95 Setting up node-npm-bundled (2.0.1-2) ...
#17 41.95 Setting up node-schema-utils (4.2.0~ds-3build3) ...
#17 41.95 Setting up node-jest-worker (29.6.2~ds1+~cs73.45.28-5) ...
#17 41.96 Setting up node-npmlog (7.0.1+~4.1.4-1) ...
#17 41.96 Setting up node-babel-plugin-polyfill-corejs3 (0.6.0~0~20220913+ds1-1) ...
#17 41.96 Setting up node-postcss-modules-values (4.0.0+~4.0.0-1) ...
#17 41.97 Setting up node-fill-range (7.0.1+~7.0.0-1) ...
#17 41.97 Setting up node-gyp (9.3.0-3) ...
#17 41.98 Setting up node-braces (3.0.2+~3.0.1-1) ...
#17 41.98 Setting up node-chokidar (3.6.0-2) ...
#17 41.98 Setting up node-watchpack (2.4.0+~cs2.8.1-1) ...
#17 41.99 Setting up node-micromatch (4.0.5+~4.0.2-1) ...
#17 41.99 Setting up node-globby (13.1.3+~cs16.25.40-2) ...
#17 41.99 Setting up node-del (7.0.0-5) ...
#17 42.00 Setting up node-find-cache-dir (3.3.2+~3.2.1-1) ...
#17 42.00 Setting up node-babel7 (7.20.15+ds1+~cs214.269.168-6build1) ...
#17 42.00 update-alternatives: using /usr/bin/babeljs-7 to provide /usr/bin/babeljs (babeljs) in auto mode
#17 42.01 update-alternatives: using /usr/bin/babeljs-7-external-helpers to provide /usr/bin/babeljs-external-helpers (babeljs-external-helpers) in auto mode
#17 42.01 update-alternatives: using /usr/bin/babeljs-7-node to provide /usr/bin/babeljs-node (babeljs-node) in auto mode
#17 42.01 update-alternatives: using /usr/bin/babeljs-7-parser to provide /usr/bin/babeljs-parser (babeljs-parser) in auto mode
#17 42.01 Setting up node-babel-plugin-lodash (3.3.4+~cs2.0.1-7) ...
#17 42.02 Setting up node-jest-debbundle (29.6.2~ds1+~cs73.45.28-5) ...
#17 42.02 Setting up node-parse-json (5.2.0+~cs5.1.7-1) ...
#17 42.02 Setting up node-read-pkg (5.2.0-2) ...
#17 42.03 Setting up node-istanbul (0.4.5+repack10+~cs98.25.59-2) ...
#17 42.03 Setting up node-tape (5.6.1+~cs8.20.19-1) ...
#17 42.03 Setting up webpack (5.76.1+dfsg1+~cs17.16.16-1) ...
#17 42.04 Setting up node-deep-equal (2.2.3+~cs43.15.94-1) ...
#17 42.04 Setting up libjs-util (0.12.5+~1.0.10-1) ...
#17 42.05 Setting up node-css-loader (6.8.1+~cs14.0.17-1) ...
#17 42.05 Setting up npm (9.2.0~ds1-2) ...
#17 42.06 Setting up node-util (0.12.5+~1.0.10-1) ...
#17 42.07 Setting up node-assert (2.0.0+~cs3.9.8-2) ...
#17 42.07 Processing triggers for libc-bin (2.39-0ubuntu8.6) ...
#17 42.08 Processing triggers for ca-certificates (20240203) ...
#17 42.09 Updating certificates in /etc/ssl/certs...
#17 42.66 0 added, 0 removed; done.
#17 42.66 Running hooks in /etc/ca-certificates/update.d...
#17 42.66 done.
#17 42.77 Base dependencies installed successfully
#17 42.77 ===== SUCCESS: 00-base.sh =====
#17 42.77 ===== Running 01-trivy.sh =====
#17 42.77 Installing Trivy...
#17 42.96 deb [signed-by=/usr/share/keyrings/trivy.gpg] https://aquasecurity.github.io/trivy-repo/deb generic main
#17 43.17 Get:1 https://aquasecurity.github.io/trivy-repo/deb generic InRelease [3063 B]
#17 43.26 Get:2 https://aquasecurity.github.io/trivy-repo/deb generic/main arm64 Packages [370 B]
#17 43.26 Get:3 http://ports.ubuntu.com/ubuntu-ports noble InRelease [256 kB]
#17 43.87 Get:4 http://ports.ubuntu.com/ubuntu-ports noble-updates InRelease [126 kB]
#17 44.01 Get:5 http://ports.ubuntu.com/ubuntu-ports noble-backports InRelease [126 kB]
#17 44.16 Get:6 http://ports.ubuntu.com/ubuntu-ports noble-security InRelease [126 kB]
#17 44.32 Get:7 http://ports.ubuntu.com/ubuntu-ports noble/universe arm64 Packages [19.0 MB]
#17 46.78 Get:8 http://ports.ubuntu.com/ubuntu-ports noble/multiverse arm64 Packages [274 kB]
#17 46.80 Get:9 http://ports.ubuntu.com/ubuntu-ports noble/main arm64 Packages [1776 kB]
#17 47.54 Get:10 http://ports.ubuntu.com/ubuntu-ports noble/restricted arm64 Packages [113 kB]
#17 47.55 Get:11 http://ports.ubuntu.com/ubuntu-ports noble-updates/multiverse arm64 Packages [38.0 kB]
#17 47.55 Get:12 http://ports.ubuntu.com/ubuntu-ports noble-updates/main arm64 Packages [2223 kB]
#17 47.68 Get:13 http://ports.ubuntu.com/ubuntu-ports noble-updates/restricted arm64 Packages [4196 kB]
#17 47.95 Get:14 http://ports.ubuntu.com/ubuntu-ports noble-updates/universe arm64 Packages [1894 kB]
#17 48.11 Get:15 http://ports.ubuntu.com/ubuntu-ports noble-backports/main arm64 Packages [49.4 kB]
#17 48.12 Get:16 http://ports.ubuntu.com/ubuntu-ports noble-backports/universe arm64 Packages [34.7 kB]
#17 48.12 Get:17 http://ports.ubuntu.com/ubuntu-ports noble-security/main arm64 Packages [1867 kB]
#17 48.61 Get:18 http://ports.ubuntu.com/ubuntu-ports noble-security/restricted arm64 Packages [4031 kB]
#17 48.84 Get:19 http://ports.ubuntu.com/ubuntu-ports noble-security/universe arm64 Packages [1180 kB]
#17 48.92 Get:20 http://ports.ubuntu.com/ubuntu-ports noble-security/multiverse arm64 Packages [36.4 kB]
#17 49.01 Fetched 37.4 MB in 6s (6221 kB/s)
#17 49.01 Reading package lists...
#17 49.59 Reading package lists...
#17 50.18 Building dependency tree...
#17 50.31 Reading state information...
#17 50.46 The following NEW packages will be installed:
#17 50.46   trivy
#17 50.58 0 upgraded, 1 newly installed, 0 to remove and 9 not upgraded.
#17 50.58 Need to get 43.0 MB of archives.
#17 50.58 After this operation, 149 MB of additional disk space will be used.
#17 50.58 Get:1 https://aquasecurity.github.io/trivy-repo/deb generic/main arm64 trivy arm64 0.68.2 [43.0 MB]
#17 55.71 debconf: delaying package configuration, since apt-utils is not installed
#17 55.73 Fetched 43.0 MB in 5s (8348 kB/s)
#17 55.76 Selecting previously unselected package trivy.
#17 55.76 (Reading database ... (Reading database ... 5%(Reading database ... 10%(Reading database ... 15%(Reading database ... 20%(Reading database ... 25%(Reading database ... 30%(Reading database ... 35%(Reading database ... 40%(Reading database ... 45%(Reading database ... 50%(Reading database ... 55%(Reading database ... 60%(Reading database ... 65%(Reading database ... 70%(Reading database ... 75%(Reading database ... 80%(Reading database ... 85%(Reading database ... 90%(Reading database ... 95%(Reading database ... 100%(Reading database ... 40261 files and directories currently installed.)
#17 55.77 Preparing to unpack .../trivy_0.68.2_arm64.deb ...
#17 55.77 Unpacking trivy (0.68.2) ...
#17 56.33 Setting up trivy (0.68.2) ...
#17 56.45 Version: 0.68.2
#17 56.46 ===== SUCCESS: 01-trivy.sh =====
#17 56.46 ===== Running 02-semgrep.sh =====
#17 56.46 Installing Semgrep...
#17 56.83 Collecting semgrep
#17 56.95   Downloading semgrep-1.146.0-cp310.cp311.cp312.cp313.cp314.py310.py311.py312.py313.py314-none-musllinux_1_0_aarch64.manylinux2014_aarch64.whl.metadata (2.1 kB)
#17 56.98 Collecting attrs>=21.3 (from semgrep)
#17 57.01   Downloading attrs-25.4.0-py3-none-any.whl.metadata (10 kB)
#17 57.04 Collecting boltons~=21.0 (from semgrep)
#17 57.06   Downloading boltons-21.0.0-py2.py3-none-any.whl.metadata (1.5 kB)
#17 57.10 Collecting click-option-group~=0.5 (from semgrep)
#17 57.12   Downloading click_option_group-0.5.9-py3-none-any.whl.metadata (5.8 kB)
#17 57.16 Collecting click~=8.1.8 (from semgrep)
#17 57.18   Downloading click-8.1.8-py3-none-any.whl.metadata (2.3 kB)
#17 57.21 Collecting colorama~=0.4.0 (from semgrep)
#17 57.23   Downloading colorama-0.4.6-py2.py3-none-any.whl.metadata (17 kB)
#17 57.27 Collecting exceptiongroup~=1.2.0 (from semgrep)
#17 57.29   Downloading exceptiongroup-1.2.2-py3-none-any.whl.metadata (6.6 kB)
#17 57.32 Collecting glom~=22.1 (from semgrep)
#17 57.34   Downloading glom-22.1.0-py2.py3-none-any.whl.metadata (4.9 kB)
#17 57.39 Collecting jsonschema~=4.25.1 (from semgrep)
#17 57.41   Downloading jsonschema-4.25.1-py3-none-any.whl.metadata (7.6 kB)
#17 57.45 Collecting mcp==1.23.3 (from semgrep)
#17 57.47   Downloading mcp-1.23.3-py3-none-any.whl.metadata (89 kB)
#17 57.50      ━━━━━━━━━━━━━━━━━━━━━━━━━━━━━━━━━━━━━━━━ 89.3/89.3 kB 4.4 MB/s eta 0:00:00
#17 57.54 Collecting opentelemetry-api~=1.37.0 (from semgrep)
#17 57.56   Downloading opentelemetry_api-1.37.0-py3-none-any.whl.metadata (1.5 kB)
#17 57.60 Collecting opentelemetry-sdk~=1.37.0 (from semgrep)
#17 57.62   Downloading opentelemetry_sdk-1.37.0-py3-none-any.whl.metadata (1.5 kB)
#17 57.65 Collecting opentelemetry-exporter-otlp-proto-http~=1.37.0 (from semgrep)
#17 57.67   Downloading opentelemetry_exporter_otlp_proto_http-1.37.0-py3-none-any.whl.metadata (2.3 kB)
#17 57.71 Collecting opentelemetry-instrumentation-requests~=0.58b0 (from semgrep)
#17 57.73   Downloading opentelemetry_instrumentation_requests-0.60b1-py3-none-any.whl.metadata (2.6 kB)
#17 57.78 Collecting packaging>=21.0 (from semgrep)
#17 57.80   Downloading packaging-25.0-py3-none-any.whl.metadata (3.3 kB)
#17 57.83 Collecting peewee~=3.14 (from semgrep)
#17 57.86   Downloading peewee-3.18.3.tar.gz (3.0 MB)
#17 58.16      ━━━━━━━━━━━━━━━━━━━━━━━━━━━━━━━━━━━━━━━━ 3.0/3.0 MB 10.0 MB/s eta 0:00:00
#17 58.26   Installing build dependencies: started
#17 59.84   Installing build dependencies: finished with status 'done'
#17 59.84   Getting requirements to build wheel: started
#17 59.94   Getting requirements to build wheel: finished with status 'done'
#17 59.94   Preparing metadata (pyproject.toml): started
#17 60.04   Preparing metadata (pyproject.toml): finished with status 'done'
#17 60.08 Collecting requests~=2.22 (from semgrep)
#17 60.10   Downloading requests-2.32.5-py3-none-any.whl.metadata (4.9 kB)
#17 60.16 Collecting rich~=13.5.2 (from semgrep)
#17 60.18   Downloading rich-13.5.3-py3-none-any.whl.metadata (18 kB)
#17 60.30 Collecting ruamel.yaml>=0.18.15 (from semgrep)
#17 60.32   Downloading ruamel_yaml-0.18.17-py3-none-any.whl.metadata (27 kB)
#17 60.36 Collecting ruamel.yaml.clib==0.2.14 (from semgrep)
#17 60.38   Downloading ruamel.yaml.clib-0.2.14-cp312-cp312-manylinux2014_aarch64.whl.metadata (3.0 kB)
#17 60.41 Collecting tomli~=2.0.1 (from semgrep)
#17 60.43   Downloading tomli-2.0.2-py3-none-any.whl.metadata (10.0 kB)
#17 60.47 Collecting typing-extensions~=4.2 (from semgrep)
#17 60.49   Downloading typing_extensions-4.15.0-py3-none-any.whl.metadata (3.3 kB)
#17 60.53 Collecting urllib3~=2.0 (from semgrep)
#17 60.55   Downloading urllib3-2.6.2-py3-none-any.whl.metadata (6.6 kB)
#17 60.60 Collecting wcmatch~=8.3 (from semgrep)
#17 60.62   Downloading wcmatch-8.5.2-py3-none-any.whl.metadata (4.8 kB)
#17 60.66 Collecting anyio>=4.5 (from mcp==1.23.3->semgrep)
#17 60.68   Downloading anyio-4.12.0-py3-none-any.whl.metadata (4.3 kB)
#17 60.70 Collecting httpx-sse>=0.4 (from mcp==1.23.3->semgrep)
#17 60.72   Downloading httpx_sse-0.4.3-py3-none-any.whl.metadata (9.7 kB)
#17 60.76 Collecting httpx>=0.27.1 (from mcp==1.23.3->semgrep)
#17 60.78   Downloading httpx-0.28.1-py3-none-any.whl.metadata (7.1 kB)
#17 60.82 Collecting pydantic-settings>=2.5.2 (from mcp==1.23.3->semgrep)
#17 60.84   Downloading pydantic_settings-2.12.0-py3-none-any.whl.metadata (3.4 kB)
#17 60.94 Collecting pydantic<3.0.0,>=2.11.0 (from mcp==1.23.3->semgrep)
#17 60.96   Downloading pydantic-2.12.5-py3-none-any.whl.metadata (90 kB)
#17 60.97      ━━━━━━━━━━━━━━━━━━━━━━━━━━━━━━━━━━━━━━━━ 90.6/90.6 kB 12.3 MB/s eta 0:00:00
#17 61.00 Collecting pyjwt>=2.10.1 (from pyjwt[crypto]>=2.10.1->mcp==1.23.3->semgrep)
#17 61.02   Downloading PyJWT-2.10.1-py3-none-any.whl.metadata (4.0 kB)
#17 61.06 Collecting python-multipart>=0.0.9 (from mcp==1.23.3->semgrep)
#17 61.08   Downloading python_multipart-0.0.21-py3-none-any.whl.metadata (1.8 kB)
#17 61.11 Collecting sse-starlette>=1.6.1 (from mcp==1.23.3->semgrep)
#17 61.13   Downloading sse_starlette-3.0.4-py3-none-any.whl.metadata (12 kB)
#17 61.18 Collecting starlette>=0.27 (from mcp==1.23.3->semgrep)
#17 61.20   Downloading starlette-0.50.0-py3-none-any.whl.metadata (6.3 kB)
#17 61.23 Collecting typing-inspection>=0.4.1 (from mcp==1.23.3->semgrep)
#17 61.25   Downloading typing_inspection-0.4.2-py3-none-any.whl.metadata (2.6 kB)
#17 61.29 Collecting uvicorn>=0.31.1 (from mcp==1.23.3->semgrep)
#17 61.31   Downloading uvicorn-0.40.0-py3-none-any.whl.metadata (6.7 kB)
#17 61.35 Collecting face>=20.1.0 (from glom~=22.1->semgrep)
#17 61.38   Downloading face-24.0.0-py3-none-any.whl.metadata (1.1 kB)
#17 61.42 Collecting jsonschema-specifications>=2023.03.6 (from jsonschema~=4.25.1->semgrep)
#17 61.44   Downloading jsonschema_specifications-2025.9.1-py3-none-any.whl.metadata (2.9 kB)
#17 61.48 Collecting referencing>=0.28.4 (from jsonschema~=4.25.1->semgrep)
#17 61.50   Downloading referencing-0.37.0-py3-none-any.whl.metadata (2.8 kB)
#17 61.73 Collecting rpds-py>=0.7.1 (from jsonschema~=4.25.1->semgrep)
#17 61.75   Downloading rpds_py-0.30.0-cp312-cp312-manylinux_2_17_aarch64.manylinux2014_aarch64.whl.metadata (4.1 kB)
#17 61.80 Collecting importlib-metadata<8.8.0,>=6.0 (from opentelemetry-api~=1.37.0->semgrep)
#17 61.82   Downloading importlib_metadata-8.7.1-py3-none-any.whl.metadata (4.7 kB)
#17 61.85 Collecting googleapis-common-protos~=1.52 (from opentelemetry-exporter-otlp-proto-http~=1.37.0->semgrep)
#17 61.87   Downloading googleapis_common_protos-1.72.0-py3-none-any.whl.metadata (9.4 kB)
#17 61.91 Collecting opentelemetry-exporter-otlp-proto-common==1.37.0 (from opentelemetry-exporter-otlp-proto-http~=1.37.0->semgrep)
#17 61.93   Downloading opentelemetry_exporter_otlp_proto_common-1.37.0-py3-none-any.whl.metadata (1.8 kB)
#17 61.96 Collecting opentelemetry-proto==1.37.0 (from opentelemetry-exporter-otlp-proto-http~=1.37.0->semgrep)
#17 61.98   Downloading opentelemetry_proto-1.37.0-py3-none-any.whl.metadata (2.3 kB)
#17 62.12 Collecting protobuf<7.0,>=5.0 (from opentelemetry-proto==1.37.0->opentelemetry-exporter-otlp-proto-http~=1.37.0->semgrep)
#17 62.14   Downloading protobuf-6.33.2-cp39-abi3-manylinux2014_aarch64.whl.metadata (593 bytes)
#17 62.18 Collecting opentelemetry-instrumentation==0.60b1 (from opentelemetry-instrumentation-requests~=0.58b0->semgrep)
#17 62.20   Downloading opentelemetry_instrumentation-0.60b1-py3-none-any.whl.metadata (7.2 kB)
#17 62.23 Collecting opentelemetry-semantic-conventions==0.60b1 (from opentelemetry-instrumentation-requests~=0.58b0->semgrep)
#17 62.25   Downloading opentelemetry_semantic_conventions-0.60b1-py3-none-any.whl.metadata (2.4 kB)
#17 62.29 Collecting opentelemetry-util-http==0.60b1 (from opentelemetry-instrumentation-requests~=0.58b0->semgrep)
#17 62.31   Downloading opentelemetry_util_http-0.60b1-py3-none-any.whl.metadata (2.6 kB)
#17 62.43 Collecting wrapt<2.0.0,>=1.0.0 (from opentelemetry-instrumentation==0.60b1->opentelemetry-instrumentation-requests~=0.58b0->semgrep)
#17 62.45   Downloading wrapt-1.17.3-cp312-cp312-manylinux2014_aarch64.manylinux_2_17_aarch64.manylinux_2_28_aarch64.whl.metadata (6.4 kB)
#17 62.46 INFO: pip is looking at multiple versions of opentelemetry-semantic-conventions to determine which version is compatible with other requirements. This could take a while.
#17 62.46 Collecting opentelemetry-instrumentation-requests~=0.58b0 (from semgrep)
#17 62.48   Downloading opentelemetry_instrumentation_requests-0.60b0-py3-none-any.whl.metadata (2.6 kB)
#17 62.49 Collecting opentelemetry-instrumentation==0.60b0 (from opentelemetry-instrumentation-requests~=0.58b0->semgrep)
#17 62.51   Downloading opentelemetry_instrumentation-0.60b0-py3-none-any.whl.metadata (7.2 kB)
#17 62.51 Collecting opentelemetry-semantic-conventions==0.60b0 (from opentelemetry-instrumentation-requests~=0.58b0->semgrep)
#17 62.54   Downloading opentelemetry_semantic_conventions-0.60b0-py3-none-any.whl.metadata (2.4 kB)
#17 62.54 Collecting opentelemetry-util-http==0.60b0 (from opentelemetry-instrumentation-requests~=0.58b0->semgrep)
#17 62.56   Downloading opentelemetry_util_http-0.60b0-py3-none-any.whl.metadata (2.6 kB)
#17 62.58 Collecting opentelemetry-instrumentation-requests~=0.58b0 (from semgrep)
#17 62.60   Downloading opentelemetry_instrumentation_requests-0.59b0-py3-none-any.whl.metadata (2.6 kB)
#17 62.61 Collecting opentelemetry-instrumentation==0.59b0 (from opentelemetry-instrumentation-requests~=0.58b0->semgrep)
#17 62.64   Downloading opentelemetry_instrumentation-0.59b0-py3-none-any.whl.metadata (7.1 kB)
#17 62.64 Collecting opentelemetry-semantic-conventions==0.59b0 (from opentelemetry-instrumentation-requests~=0.58b0->semgrep)
#17 62.66   Downloading opentelemetry_semantic_conventions-0.59b0-py3-none-any.whl.metadata (2.4 kB)
#17 62.67 Collecting opentelemetry-util-http==0.59b0 (from opentelemetry-instrumentation-requests~=0.58b0->semgrep)
#17 62.69   Downloading opentelemetry_util_http-0.59b0-py3-none-any.whl.metadata (2.6 kB)
#17 62.73 Collecting opentelemetry-instrumentation-requests~=0.58b0 (from semgrep)
#17 62.75   Downloading opentelemetry_instrumentation_requests-0.58b0-py3-none-any.whl.metadata (2.6 kB)
#17 62.75 Collecting opentelemetry-instrumentation==0.58b0 (from opentelemetry-instrumentation-requests~=0.58b0->semgrep)
#17 62.78   Downloading opentelemetry_instrumentation-0.58b0-py3-none-any.whl.metadata (7.1 kB)
#17 62.78 Collecting opentelemetry-semantic-conventions==0.58b0 (from opentelemetry-instrumentation-requests~=0.58b0->semgrep)
#17 62.80   Downloading opentelemetry_semantic_conventions-0.58b0-py3-none-any.whl.metadata (2.4 kB)
#17 62.81 Collecting opentelemetry-util-http==0.58b0 (from opentelemetry-instrumentation-requests~=0.58b0->semgrep)
#17 62.83   Downloading opentelemetry_util_http-0.58b0-py3-none-any.whl.metadata (2.6 kB)
#17 62.93 Collecting charset_normalizer<4,>=2 (from requests~=2.22->semgrep)
#17 62.95   Downloading charset_normalizer-3.4.4-cp312-cp312-manylinux2014_aarch64.manylinux_2_17_aarch64.manylinux_2_28_aarch64.whl.metadata (37 kB)
#17 62.97 Collecting idna<4,>=2.5 (from requests~=2.22->semgrep)
#17 62.99   Downloading idna-3.11-py3-none-any.whl.metadata (8.4 kB)
#17 63.03 Collecting certifi>=2017.4.17 (from requests~=2.22->semgrep)
#17 63.06   Downloading certifi-2025.11.12-py3-none-any.whl.metadata (2.5 kB)
#17 63.09 Collecting markdown-it-py>=2.2.0 (from rich~=13.5.2->semgrep)
#17 63.11   Downloading markdown_it_py-4.0.0-py3-none-any.whl.metadata (7.3 kB)
#17 63.15 Collecting pygments<3.0.0,>=2.13.0 (from rich~=13.5.2->semgrep)
#17 63.16   Downloading pygments-2.19.2-py3-none-any.whl.metadata (2.5 kB)
#17 63.17 INFO: pip is looking at multiple versions of ruamel-yaml to determine which version is compatible with other requirements. This could take a while.
#17 63.17 Collecting ruamel.yaml>=0.18.15 (from semgrep)
#17 63.20   Downloading ruamel.yaml-0.18.16-py3-none-any.whl.metadata (25 kB)
#17 63.24 Collecting bracex>=2.1.1 (from wcmatch~=8.3->semgrep)
#17 63.27   Downloading bracex-2.6-py3-none-any.whl.metadata (3.6 kB)
#17 63.34 Collecting httpcore==1.* (from httpx>=0.27.1->mcp==1.23.3->semgrep)
#17 63.35   Downloading httpcore-1.0.9-py3-none-any.whl.metadata (21 kB)
#17 63.39 Collecting h11>=0.16 (from httpcore==1.*->httpx>=0.27.1->mcp==1.23.3->semgrep)
#17 63.41   Downloading h11-0.16.0-py3-none-any.whl.metadata (8.3 kB)
#17 63.45 Collecting zipp>=3.20 (from importlib-metadata<8.8.0,>=6.0->opentelemetry-api~=1.37.0->semgrep)
#17 63.47   Downloading zipp-3.23.0-py3-none-any.whl.metadata (3.6 kB)
#17 63.51 Collecting mdurl~=0.1 (from markdown-it-py>=2.2.0->rich~=13.5.2->semgrep)
#17 63.53   Downloading mdurl-0.1.2-py3-none-any.whl.metadata (1.6 kB)
#17 63.56 Collecting annotated-types>=0.6.0 (from pydantic<3.0.0,>=2.11.0->mcp==1.23.3->semgrep)
#17 63.58   Downloading annotated_types-0.7.0-py3-none-any.whl.metadata (15 kB)
#17 64.13 Collecting pydantic-core==2.41.5 (from pydantic<3.0.0,>=2.11.0->mcp==1.23.3->semgrep)
#17 64.16   Downloading pydantic_core-2.41.5-cp312-cp312-manylinux_2_17_aarch64.manylinux2014_aarch64.whl.metadata (7.3 kB)
#17 64.20 Collecting python-dotenv>=0.21.0 (from pydantic-settings>=2.5.2->mcp==1.23.3->semgrep)
#17 64.22   Downloading python_dotenv-1.2.1-py3-none-any.whl.metadata (25 kB)
#17 64.44 Collecting cryptography>=3.4.0 (from pyjwt[crypto]>=2.10.1->mcp==1.23.3->semgrep)
#17 64.46   Downloading cryptography-46.0.3-cp311-abi3-manylinux_2_34_aarch64.whl.metadata (5.7 kB)
#17 64.61 Collecting cffi>=2.0.0 (from cryptography>=3.4.0->pyjwt[crypto]>=2.10.1->mcp==1.23.3->semgrep)
#17 64.63   Downloading cffi-2.0.0-cp312-cp312-manylinux2014_aarch64.manylinux_2_17_aarch64.whl.metadata (2.6 kB)
#17 64.69 Collecting pycparser (from cffi>=2.0.0->cryptography>=3.4.0->pyjwt[crypto]>=2.10.1->mcp==1.23.3->semgrep)
#17 64.72   Downloading pycparser-2.23-py3-none-any.whl.metadata (993 bytes)
#17 64.75 Downloading semgrep-1.146.0-cp310.cp311.cp312.cp313.cp314.py310.py311.py312.py313.py314-none-musllinux_1_0_aarch64.manylinux2014_aarch64.whl (54.4 MB)
#17 71.36    ━━━━━━━━━━━━━━━━━━━━━━━━━━━━━━━━━━━━━━━━ 54.4/54.4 MB 8.4 MB/s eta 0:00:00
#17 71.38 Downloading mcp-1.23.3-py3-none-any.whl (231 kB)
#17 71.41    ━━━━━━━━━━━━━━━━━━━━━━━━━━━━━━━━━━━━━━━━ 231.6/231.6 kB 9.1 MB/s eta 0:00:00
#17 71.43 Downloading ruamel.yaml.clib-0.2.14-cp312-cp312-manylinux2014_aarch64.whl (647 kB)
#17 71.49    ━━━━━━━━━━━━━━━━━━━━━━━━━━━━━━━━━━━━━━━━ 647.4/647.4 kB 10.7 MB/s eta 0:00:00
#17 71.51 Downloading attrs-25.4.0-py3-none-any.whl (67 kB)
#17 71.52    ━━━━━━━━━━━━━━━━━━━━━━━━━━━━━━━━━━━━━━━━ 67.6/67.6 kB 7.2 MB/s eta 0:00:00
#17 71.55 Downloading boltons-21.0.0-py2.py3-none-any.whl (193 kB)
#17 71.57    ━━━━━━━━━━━━━━━━━━━━━━━━━━━━━━━━━━━━━━━━ 193.7/193.7 kB 8.0 MB/s eta 0:00:00
#17 71.60 Downloading click-8.1.8-py3-none-any.whl (98 kB)
#17 71.61    ━━━━━━━━━━━━━━━━━━━━━━━━━━━━━━━━━━━━━━━━ 98.2/98.2 kB 10.1 MB/s eta 0:00:00
#17 71.63 Downloading click_option_group-0.5.9-py3-none-any.whl (11 kB)
#17 71.65 Downloading colorama-0.4.6-py2.py3-none-any.whl (25 kB)
#17 71.67 Downloading exceptiongroup-1.2.2-py3-none-any.whl (16 kB)
#17 71.69 Downloading glom-22.1.0-py2.py3-none-any.whl (100 kB)
#17 71.70    ━━━━━━━━━━━━━━━━━━━━━━━━━━━━━━━━━━━━━━━━ 100.7/100.7 kB 12.2 MB/s eta 0:00:00
#17 71.72 Downloading jsonschema-4.25.1-py3-none-any.whl (90 kB)
#17 71.73    ━━━━━━━━━━━━━━━━━━━━━━━━━━━━━━━━━━━━━━━━ 90.0/90.0 kB 13.3 MB/s eta 0:00:00
#17 71.75 Downloading opentelemetry_api-1.37.0-py3-none-any.whl (65 kB)
#17 71.76    ━━━━━━━━━━━━━━━━━━━━━━━━━━━━━━━━━━━━━━━━ 65.7/65.7 kB 10.9 MB/s eta 0:00:00
#17 71.78 Downloading opentelemetry_exporter_otlp_proto_http-1.37.0-py3-none-any.whl (19 kB)
#17 71.81 Downloading opentelemetry_exporter_otlp_proto_common-1.37.0-py3-none-any.whl (18 kB)
#17 71.84 Downloading opentelemetry_proto-1.37.0-py3-none-any.whl (72 kB)
#17 71.84    ━━━━━━━━━━━━━━━━━━━━━━━━━━━━━━━━━━━━━━━━ 72.5/72.5 kB 14.3 MB/s eta 0:00:00
#17 71.86 Downloading opentelemetry_instrumentation_requests-0.58b0-py3-none-any.whl (12 kB)
#17 71.89 Downloading opentelemetry_instrumentation-0.58b0-py3-none-any.whl (33 kB)
#17 71.91 Downloading opentelemetry_semantic_conventions-0.58b0-py3-none-any.whl (207 kB)
#17 71.93    ━━━━━━━━━━━━━━━━━━━━━━━━━━━━━━━━━━━━━━━━ 208.0/208.0 kB 12.5 MB/s eta 0:00:00
#17 71.95 Downloading opentelemetry_util_http-0.58b0-py3-none-any.whl (7.7 kB)
#17 71.98 Downloading opentelemetry_sdk-1.37.0-py3-none-any.whl (131 kB)
#17 71.99    ━━━━━━━━━━━━━━━━━━━━━━━━━━━━━━━━━━━━━━━━ 131.9/131.9 kB 13.8 MB/s eta 0:00:00
#17 72.03 Downloading packaging-25.0-py3-none-any.whl (66 kB)
#17 72.03    ━━━━━━━━━━━━━━━━━━━━━━━━━━━━━━━━━━━━━━━━ 66.5/66.5 kB 9.9 MB/s eta 0:00:00
#17 72.06 Downloading requests-2.32.5-py3-none-any.whl (64 kB)
#17 72.07    ━━━━━━━━━━━━━━━━━━━━━━━━━━━━━━━━━━━━━━━━ 64.7/64.7 kB 7.6 MB/s eta 0:00:00
#17 72.09 Downloading rich-13.5.3-py3-none-any.whl (239 kB)
#17 72.11    ━━━━━━━━━━━━━━━━━━━━━━━━━━━━━━━━━━━━━━━━ 239.8/239.8 kB 10.9 MB/s eta 0:00:00
#17 72.13 Downloading ruamel.yaml-0.18.16-py3-none-any.whl (119 kB)
#17 72.14    ━━━━━━━━━━━━━━━━━━━━━━━━━━━━━━━━━━━━━━━━ 119.9/119.9 kB 12.5 MB/s eta 0:00:00
#17 72.17 Downloading tomli-2.0.2-py3-none-any.whl (13 kB)
#17 72.19 Downloading typing_extensions-4.15.0-py3-none-any.whl (44 kB)
#17 72.20    ━━━━━━━━━━━━━━━━━━━━━━━━━━━━━━━━━━━━━━━━ 44.6/44.6 kB 5.5 MB/s eta 0:00:00
#17 72.22 Downloading urllib3-2.6.2-py3-none-any.whl (131 kB)
#17 72.23    ━━━━━━━━━━━━━━━━━━━━━━━━━━━━━━━━━━━━━━━━ 131.2/131.2 kB 12.3 MB/s eta 0:00:00
#17 72.26 Downloading wcmatch-8.5.2-py3-none-any.whl (39 kB)
#17 72.28 Downloading anyio-4.12.0-py3-none-any.whl (113 kB)
#17 72.29    ━━━━━━━━━━━━━━━━━━━━━━━━━━━━━━━━━━━━━━━━ 113.4/113.4 kB 14.9 MB/s eta 0:00:00
#17 72.32 Downloading bracex-2.6-py3-none-any.whl (11 kB)
#17 72.34 Downloading certifi-2025.11.12-py3-none-any.whl (159 kB)
#17 72.36    ━━━━━━━━━━━━━━━━━━━━━━━━━━━━━━━━━━━━━━━━ 159.4/159.4 kB 10.0 MB/s eta 0:00:00
#17 72.39 Downloading charset_normalizer-3.4.4-cp312-cp312-manylinux2014_aarch64.manylinux_2_17_aarch64.manylinux_2_28_aarch64.whl (148 kB)
#17 72.40    ━━━━━━━━━━━━━━━━━━━━━━━━━━━━━━━━━━━━━━━━ 148.2/148.2 kB 25.8 MB/s eta 0:00:00
#17 72.43 Downloading face-24.0.0-py3-none-any.whl (54 kB)
#17 72.43    ━━━━━━━━━━━━━━━━━━━━━━━━━━━━━━━━━━━━━━━━ 54.7/54.7 kB 18.0 MB/s eta 0:00:00
#17 72.45 Downloading googleapis_common_protos-1.72.0-py3-none-any.whl (297 kB)
#17 72.48    ━━━━━━━━━━━━━━━━━━━━━━━━━━━━━━━━━━━━━━━━ 297.5/297.5 kB 11.4 MB/s eta 0:00:00
#17 72.50 Downloading httpx-0.28.1-py3-none-any.whl (73 kB)
#17 72.51    ━━━━━━━━━━━━━━━━━━━━━━━━━━━━━━━━━━━━━━━━ 73.5/73.5 kB 15.8 MB/s eta 0:00:00
#17 72.53 Downloading httpcore-1.0.9-py3-none-any.whl (78 kB)
#17 72.54    ━━━━━━━━━━━━━━━━━━━━━━━━━━━━━━━━━━━━━━━━ 78.8/78.8 kB 13.5 MB/s eta 0:00:00
#17 72.56 Downloading httpx_sse-0.4.3-py3-none-any.whl (9.0 kB)
#17 72.59 Downloading idna-3.11-py3-none-any.whl (71 kB)
#17 72.60    ━━━━━━━━━━━━━━━━━━━━━━━━━━━━━━━━━━━━━━━━ 71.0/71.0 kB 10.1 MB/s eta 0:00:00
#17 72.62 Downloading importlib_metadata-8.7.1-py3-none-any.whl (27 kB)
#17 72.64 Downloading jsonschema_specifications-2025.9.1-py3-none-any.whl (18 kB)
#17 72.66 Downloading markdown_it_py-4.0.0-py3-none-any.whl (87 kB)
#17 72.67    ━━━━━━━━━━━━━━━━━━━━━━━━━━━━━━━━━━━━━━━━ 87.3/87.3 kB 9.5 MB/s eta 0:00:00
#17 72.70 Downloading pydantic-2.12.5-py3-none-any.whl (463 kB)
#17 72.74    ━━━━━━━━━━━━━━━━━━━━━━━━━━━━━━━━━━━━━━━━ 463.6/463.6 kB 12.1 MB/s eta 0:00:00
#17 72.77 Downloading pydantic_core-2.41.5-cp312-cp312-manylinux_2_17_aarch64.manylinux2014_aarch64.whl (1.9 MB)
#17 73.28    ━━━━━━━━━━━━━━━━━━━━━━━━━━━━━━━━━━━━━━━━ 1.9/1.9 MB 3.7 MB/s eta 0:00:00
#17 73.30 Downloading pydantic_settings-2.12.0-py3-none-any.whl (51 kB)
#17 73.30    ━━━━━━━━━━━━━━━━━━━━━━━━━━━━━━━━━━━━━━━━ 51.9/51.9 kB 11.5 MB/s eta 0:00:00
#17 73.32 Downloading pygments-2.19.2-py3-none-any.whl (1.2 MB)
#17 73.44    ━━━━━━━━━━━━━━━━━━━━━━━━━━━━━━━━━━━━━━━━ 1.2/1.2 MB 11.1 MB/s eta 0:00:00
#17 73.46 Downloading PyJWT-2.10.1-py3-none-any.whl (22 kB)
#17 73.49 Downloading python_multipart-0.0.21-py3-none-any.whl (24 kB)
#17 73.51 Downloading referencing-0.37.0-py3-none-any.whl (26 kB)
#17 73.54 Downloading rpds_py-0.30.0-cp312-cp312-manylinux_2_17_aarch64.manylinux2014_aarch64.whl (390 kB)
#17 73.57    ━━━━━━━━━━━━━━━━━━━━━━━━━━━━━━━━━━━━━━━━ 390.8/390.8 kB 11.7 MB/s eta 0:00:00
#17 73.60 Downloading sse_starlette-3.0.4-py3-none-any.whl (11 kB)
#17 73.62 Downloading starlette-0.50.0-py3-none-any.whl (74 kB)
#17 73.62    ━━━━━━━━━━━━━━━━━━━━━━━━━━━━━━━━━━━━━━━━ 74.0/74.0 kB 10.3 MB/s eta 0:00:00
#17 73.64 Downloading typing_inspection-0.4.2-py3-none-any.whl (14 kB)
#17 73.67 Downloading uvicorn-0.40.0-py3-none-any.whl (68 kB)
#17 73.67    ━━━━━━━━━━━━━━━━━━━━━━━━━━━━━━━━━━━━━━━━ 68.5/68.5 kB 10.9 MB/s eta 0:00:00
#17 73.69 Downloading annotated_types-0.7.0-py3-none-any.whl (13 kB)
#17 73.71 Downloading cryptography-46.0.3-cp311-abi3-manylinux_2_34_aarch64.whl (4.3 MB)
#17 74.11    ━━━━━━━━━━━━━━━━━━━━━━━━━━━━━━━━━━━━━━━━ 4.3/4.3 MB 11.1 MB/s eta 0:00:00
#17 74.13 Downloading h11-0.16.0-py3-none-any.whl (37 kB)
#17 74.15 Downloading mdurl-0.1.2-py3-none-any.whl (10.0 kB)
#17 74.18 Downloading protobuf-6.33.2-cp39-abi3-manylinux2014_aarch64.whl (324 kB)
#17 74.21    ━━━━━━━━━━━━━━━━━━━━━━━━━━━━━━━━━━━━━━━━ 324.5/324.5 kB 9.3 MB/s eta 0:00:00
#17 74.24 Downloading python_dotenv-1.2.1-py3-none-any.whl (21 kB)
#17 74.26 Downloading wrapt-1.17.3-cp312-cp312-manylinux2014_aarch64.manylinux_2_17_aarch64.manylinux_2_28_aarch64.whl (88 kB)
#17 74.27    ━━━━━━━━━━━━━━━━━━━━━━━━━━━━━━━━━━━━━━━━ 88.2/88.2 kB 13.6 MB/s eta 0:00:00
#17 74.29 Downloading zipp-3.23.0-py3-none-any.whl (10 kB)
#17 74.31 Downloading cffi-2.0.0-cp312-cp312-manylinux2014_aarch64.manylinux_2_17_aarch64.whl (220 kB)
#17 74.33    ━━━━━━━━━━━━━━━━━━━━━━━━━━━━━━━━━━━━━━━━ 220.1/220.1 kB 10.9 MB/s eta 0:00:00
#17 74.36 Downloading pycparser-2.23-py3-none-any.whl (118 kB)
#17 74.37    ━━━━━━━━━━━━━━━━━━━━━━━━━━━━━━━━━━━━━━━━ 118.1/118.1 kB 10.6 MB/s eta 0:00:00
#17 74.46 Building wheels for collected packages: peewee
#17 74.46   Building wheel for peewee (pyproject.toml): started
#17 74.61   Building wheel for peewee (pyproject.toml): finished with status 'done'
#17 74.61   Created wheel for peewee: filename=peewee-3.18.3-py3-none-any.whl size=139133 sha256=d78a11dab596593692339054b2cca2524f02630e5d3ba8d17d9668108dc13785
#17 74.61   Stored in directory: /tmp/pip-ephem-wheel-cache-ybakcy4v/wheels/e2/48/b6/675a31c56e50b8b343e1ffbb1d9209f0d95025e2cfa0bbeeed
#17 74.62 Successfully built peewee
#17 74.72 Installing collected packages: peewee, boltons, zipp, wrapt, urllib3, typing-extensions, tomli, ruamel.yaml.clib, rpds-py, python-multipart, python-dotenv, pyjwt, pygments, pycparser, protobuf, packaging, opentelemetry-util-http, mdurl, idna, httpx-sse, h11, face, exceptiongroup, colorama, click, charset_normalizer, certifi, bracex, attrs, annotated-types, wcmatch, uvicorn, typing-inspection, ruamel.yaml, requests, referencing, pydantic-core, opentelemetry-proto, markdown-it-py, importlib-metadata, httpcore, googleapis-common-protos, glom, click-option-group, cffi, anyio, starlette, rich, pydantic, opentelemetry-exporter-otlp-proto-common, opentelemetry-api, jsonschema-specifications, httpx, cryptography, sse-starlette, pydantic-settings, opentelemetry-semantic-conventions, jsonschema, opentelemetry-sdk, opentelemetry-instrumentation, mcp, opentelemetry-instrumentation-requests, opentelemetry-exporter-otlp-proto-http, semgrep
#17 78.16 Successfully installed annotated-types-0.7.0 anyio-4.12.0 attrs-25.4.0 boltons-21.0.0 bracex-2.6 certifi-2025.11.12 cffi-2.0.0 charset_normalizer-3.4.4 click-8.1.8 click-option-group-0.5.9 colorama-0.4.6 cryptography-46.0.3 exceptiongroup-1.2.2 face-24.0.0 glom-22.1.0 googleapis-common-protos-1.72.0 h11-0.16.0 httpcore-1.0.9 httpx-0.28.1 httpx-sse-0.4.3 idna-3.11 importlib-metadata-8.7.1 jsonschema-4.25.1 jsonschema-specifications-2025.9.1 markdown-it-py-4.0.0 mcp-1.23.3 mdurl-0.1.2 opentelemetry-api-1.37.0 opentelemetry-exporter-otlp-proto-common-1.37.0 opentelemetry-exporter-otlp-proto-http-1.37.0 opentelemetry-instrumentation-0.58b0 opentelemetry-instrumentation-requests-0.58b0 opentelemetry-proto-1.37.0 opentelemetry-sdk-1.37.0 opentelemetry-semantic-conventions-0.58b0 opentelemetry-util-http-0.58b0 packaging-25.0 peewee-3.18.3 protobuf-6.33.2 pycparser-2.23 pydantic-2.12.5 pydantic-core-2.41.5 pydantic-settings-2.12.0 pygments-2.19.2 pyjwt-2.10.1 python-dotenv-1.2.1 python-multipart-0.0.21 referencing-0.37.0 requests-2.32.5 rich-13.5.3 rpds-py-0.30.0 ruamel.yaml-0.18.16 ruamel.yaml.clib-0.2.14 semgrep-1.146.0 sse-starlette-3.0.4 starlette-0.50.0 tomli-2.0.2 typing-extensions-4.15.0 typing-inspection-0.4.2 urllib3-2.6.2 uvicorn-0.40.0 wcmatch-8.5.2 wrapt-1.17.3 zipp-3.23.0
#17 78.16 WARNING: Running pip as the 'root' user can result in broken permissions and conflicting behaviour with the system package manager. It is recommended to use a virtual environment instead: https://pip.pypa.io/warnings/venv
#17 79.41 1.146.0
#17 79.53 ===== SUCCESS: 02-semgrep.sh =====
#17 79.53 ===== Running 03-nuclei.sh =====
#17 79.53 Installing Nuclei...
#17 83.51 Archive:  nuclei.zip
#17 83.51   inflating: /usr/local/bin/LICENSE.md  
#17 83.51   inflating: /usr/local/bin/README.md  
#17 83.51   inflating: /usr/local/bin/README_CN.md  
#17 83.51   inflating: /usr/local/bin/README_ES.md  
#17 83.51   inflating: /usr/local/bin/README_ID.md  
#17 83.51   inflating: /usr/local/bin/README_JP.md  
#17 83.51   inflating: /usr/local/bin/README_KR.md  
#17 83.52   inflating: /usr/local/bin/nuclei   
#17 84.71 [[34mINF[0m] Nuclei Engine Version: v3.3.6
#17 84.71 [[34mINF[0m] Nuclei Config Directory: /root/.config/nuclei
#17 84.71 [[34mINF[0m] Nuclei Cache Directory: /root/.cache/nuclei
#17 84.71 [[34mINF[0m] PDCP Directory: /root/.pdcp
#17 84.73 ===== SUCCESS: 03-nuclei.sh =====
#17 84.73 ===== Running 04-codeql.sh =====
#17 84.73 Installing CodeQL...
#17 167.6 qemu-x86_64: Could not open '/lib64/ld-linux-x86-64.so.2': No such file or directory
#17 167.6 FAILED: 04-codeql.sh
#17 ERROR: executor failed running [/bin/sh -c chmod +x /tmp/install.d/*.sh &&     for script in /tmp/install.d/*.sh; do         echo "===== Running $(basename "$script") =====";         bash "$script" || { echo "FAILED: $(basename "$script")"; exit 1; };         echo "===== SUCCESS: $(basename "$script") =====";     done &&     rm -rf /tmp/install.d]: exit code: 1
------
 > [stage-1 5/8] RUN chmod +x /tmp/install.d/*.sh &&     for script in /tmp/install.d/*.sh; do         echo "===== Running $(basename "$script") =====";         bash "$script" || { echo "FAILED: $(basename "$script")"; exit 1; };         echo "===== SUCCESS: $(basename "$script") =====";     done &&     rm -rf /tmp/install.d:
------
executor failed running [/bin/sh -c chmod +x /tmp/install.d/*.sh &&     for script in /tmp/install.d/*.sh; do         echo "===== Running $(basename "$script") =====";         bash "$script" || { echo "FAILED: $(basename "$script")"; exit 1; };         echo "===== SUCCESS: $(basename "$script") =====";     done &&     rm -rf /tmp/install.d]: exit code: 1
make: *** [image] Error 1
